,0,1
ATP6V0B,-23.872407233314963,-7.8969463902169705
ATP6V0C,-23.80990910662796,-7.8588078668943275
ATP6V1C1,-23.89078313010812,-10.613117453414086
ATP6V1D,-23.833670608651037,-7.943542834133395
COG3,-24.594324438197297,-9.164843638108257
COG4,-24.67276385416025,-9.177835242583265
COG6,-24.56943095118997,-9.035474372261413
VPS52,-24.509837589677673,-9.218102766448023
ATP6V1A,-23.936153285843723,-7.917823103214936
COG8,-24.447611296807313,-9.228761707539613
SOCS3,-23.78197547295446,-8.414248779310471
ATP6AP1,-23.86131987998662,-7.949376892103439
ATP6V1E1,-23.796062555093837,-7.899457197747624
COG2,-24.578085454547168,-9.18102351998899
AP2M1,-17.479035285656444,-17.027972424869926
TGFBR1,-21.37911243578517,-8.459688708286238
ATP6V1F,-23.8118270800193,-8.016572378107051
UNC50,-24.51082969622251,-9.172141783168545
ATP6V1G1,-22.511190153489874,-7.422637267354338
WDR7,-23.918293977523785,-8.012437081224428
ATP6AP2,-23.857484077174014,-8.001921849836917
RPTOR,-18.758883241890487,-14.234486797947623
ATP6V1H,-22.524298174993703,-7.31790110009095
ELOF1,-21.10105954678919,-8.72181200183214
EMC7,-22.931698542833498,-8.165918952487429
EMC6,-21.598325073481107,-7.569543522786326
MPDU1,-21.03721748527252,-8.113822258514789
EMC3,-21.66223181757529,-8.464841018234877
TRAPPC1,-21.48696042389169,-7.679154218503494
PABPC4L,-21.77495961084382,-8.488160676010946
RPS10,-15.680880486682186,-15.3923873864453
DCAF7,-21.55379993168064,-7.47267990834947
ATP6V0D1,-22.374712579060045,-7.29153681971113
CCDC115,-23.882205824425846,-8.014168993848147
GTF3A,-21.106911502135823,-8.277059493958937
PIGB,-21.082162714708538,-7.272509092411368
DPM1,-22.127821174302436,-7.0781989534813885
EMC2,-20.73149811816899,-7.849587871998949
ALG3,-22.46174020530696,-6.792355953078117
WDR11,-20.862813853981095,-6.457452831105928
AFP,-19.66740255641111,-6.897404743571869
HID1,-19.58991278479762,-6.914913919822832
MSI2,-19.778443720840635,-6.738075587120027
AP3M1,-20.9421411620578,-8.111630223377526
TIPRL,-20.993198593092234,-8.278766044636589
KCTD5,-16.60411782235302,-16.328250228452557
HNF1B,-18.32943889335266,-13.330746971388521
MRPL20,-19.781001806928877,-6.696840459691532
UPF3B,-19.43042324780541,-13.291682702827574
SBDS,-21.99987441555711,-13.744388963192707
MRPL17,-19.386482211976663,-8.4039580137804
CTBP2,-19.5874627813844,-6.929293290266355
TKT,-20.729467512739188,-13.617930142846799
GIT1,-19.61402967246658,-7.29675287229756
STAG2,-21.970594892484115,-7.067604114058229
CFL1,-19.31076646554155,-8.642730068464243
SGMS1,-20.357253212541124,-7.057561614098527
ANP32B,-18.662703083484327,-8.616726248037635
DMXL1,-20.80824762880846,-6.431379567651101
C1QBP,-18.564130638736238,-7.583158667247665
MON2,-19.14945220543493,-7.756612247891155
NDUFS2,-20.652472363719557,-7.804015288002545
MRPL55,-19.633550037982285,-7.259575106034652
RAB5C,-21.738838922070787,-9.774351132793022
NELFA,-19.335897863058225,-8.683040403134653
ZCRB1,-20.85139916640109,-13.54507274298576
ANKFY1,-19.644441996111112,-6.890748258160257
MTIF2,-20.830848284386562,-6.540993982116637
GPAA1,-19.5613666487721,-9.382576818543827
SPATA3,-19.220561640549324,-6.84991341858842
RAB11A,-20.445423467219705,-7.588966959235483
SLC35A1,-22.86647093740782,-6.767598353940689
ASB6,-18.611818147367522,-7.485928224613916
EIF3K,-18.313385762366607,-9.433802055162504
CUL3,-12.552034673636893,-13.79118704423075
PSMB2,-18.627099878425497,-7.50606225527197
TRMT11,-19.994705799334785,-7.028549845468564
DDOST,-16.247280243628314,-14.884130838631052
WDR77,-20.859453296516705,-13.50892266911888
RNF7,-18.683721866707373,-8.640896200206878
RABGEF1,-19.678776827964036,-7.518755137074937
FIBP,-19.582009672654998,-6.913342127400454
REXO2,-19.55254404841439,-6.907335767003249
ALAD,-20.435331851125316,-7.427432398265611
MATR3,-19.4322270640583,-9.995908238997407
A1CF,-19.241935651006475,-7.803552141888576
PIGV,-20.971921233370693,-7.248182940379392
ATP6V0A1,-20.69491084915932,-7.399734125921117
ATG9A,-23.603044989560804,-11.90603973731096
CHIC2,-18.211531321526902,-8.810365928336948
SNRPB2,-20.498827475233714,-7.83003704836796
METTL14,-19.293764860375255,-8.468421225324109
NCAPH2,-19.419592331051692,-7.17584448528987
RNF138,-18.677159282924002,-7.548516700124077
DPH5,-20.274603767407363,-8.23553518419141
MET,-19.388378773913313,-7.029082958617145
AP1S1,-19.401182997645492,-6.935836574263354
EMC4,-20.702914965152647,-7.797690431426784
ROGDI,-19.165127029472405,-6.882028993930565
TSNAXIP1,-19.16683752714341,-6.841117730192774
MMGT1,-20.605741404439893,-7.869830686107
NO_SITE_133,-19.210092407257548,-6.913764773170601
SUPT20H,-20.052833842998417,-12.798544351599325
DYRK1A,-19.304602441823537,-13.49581222758952
VAC14,-19.137182491605838,-6.893108611388023
LRRC59,-20.237891385292716,-7.174507611007647
TRMU,-19.2109965943426,-6.8057323921959
TMEM209,-19.60657504172272,-6.8279219591432225
ATP6V0A4,-19.357075563345987,-6.874024357772351
CACNA2D1,-20.366578003243063,-6.955651382327366
FBXW7,-16.60677993788573,-16.33089372195751
SLIT2,-20.01080017780663,-7.246085483360204
SLC25A26,-19.939386091032247,-6.963381381115257
ZNF670,-19.296185927518,-8.643881219646758
ASB10,-19.198847868705325,-6.937336495838529
ARIH1,-20.990110061126042,-7.419088175107121
GSK3B,-20.493130597397176,-7.827680578635533
MTMR9,-19.64886068730073,-9.348467870881878
ATG13,-19.329062412495414,-7.848685537653038
ANKS1B,-18.67413742548484,-7.443338326495661
CASP9,-19.681793302098157,-9.286817956888267
ODC1,-20.662033804865,-6.884673803261888
PAK2,-19.912827800397007,-7.0683314281453224
CMAS,-22.428632922948722,-6.809659930493015
AP1M1,-19.51503026709714,-9.378312703397022
MARS2,-20.234577198596607,-7.793900461609997
CLCN5,-22.229679725717045,-6.778246489255619
ARGLU1,-20.10227088418205,-7.036208604107032
NCOA7,-19.266893379235913,-7.708833697292128
YTHDF2,-19.162767572652065,-6.914914096840068
PMM2,-20.99804645629723,-7.145739613602757
ELAVL1,-19.245863213316305,-13.53408728496214
RABGGTB,-23.55841387293703,-11.93733351671514
TMPRSS11F,-19.04926256315168,-7.3476217811239986
LRPPRC,-19.378164385995863,-7.3376436230106385
ALG9,-18.873646235585475,-6.9903767520123665
TYW5,-18.796316190170756,-7.426010898597008
MRPS25,-19.97047691674544,-7.483614157450184
HIF1A,-20.00028255668904,-7.243947345690495
CMTR1,-21.96945645920448,-6.945519743606733
DFFB,-21.765167660798248,-6.755379361233137
HNRNPA0,-19.092711207097132,-8.209145785076357
ROR2,-20.361996472960797,-7.005603292095832
MALSU1,-20.390558491548965,-7.286793880694576
WRAP53,-18.51660940250901,-7.534179625312051
SRM,-19.685964490636305,-6.9511906355861255
FNIP1,-18.744152095197663,-7.394676048211836
MTMR6,-22.175902549429193,-6.7906255190120755
CASP3,-21.748266404863625,-6.742880623725769
HNRNPA2B1,-21.800925981212146,-6.742901514060752
F11R,-20.133548898551105,-7.711716606689987
C5AR2,-20.22753984714855,-7.172591097161406
NRF1,-21.722132170654714,-9.811317121385883
SLC35A2,-22.862400287072443,-6.786339685427
ELP2,-22.04847804954364,-12.45401792911527
ARPC5,-18.916414339468886,-7.0077612393123525
PPA2,-20.15412147346859,-7.060714638055199
FLCN,-20.401970727612238,-7.575088788805665
CUL5,-19.225075922666587,-11.92309233584902
INPP5D,-21.48776666216891,-6.728086460963508
OPA1,-21.076351801551496,-7.46482971797687
NUDCD2,-19.0473177660025,-7.021487741125244
NDUFA8,-18.749497350276087,-7.419222976971852
TIPARP,-17.883857436831835,-12.873729425784596
KDM8,-21.841572862886256,-6.846070403605737
NDUFA2,-20.395092800959436,-7.578802634502299
GNE,-18.511944192912136,-7.608180000369146
ATP13A1,-21.181368199702828,-7.134737922554178
DOK1,-20.92807454346747,-6.966463774317612
RPRD1B,-22.35458509562699,-6.9563209258033
TLR1,-18.60421339095858,-7.56809405946694
EMC1,-20.308528668667012,-13.037282226127761
IRF8,-20.98465484142343,-6.817014407381841
DCP2,-21.46077647316853,-6.793788302927443
CDK5,-19.565925808574942,-7.660051942698881
POU4F3,-18.529923638072482,-7.602086422175223
EFHC1,-19.055565847745658,-7.49776765753957
NXT1,-23.5413985247303,-11.9403898418692
DERL1,-20.34311907041645,-7.522331939035795
EEA1,-19.320429315198993,-7.218963848590432
VMA21,-22.23600212613918,-6.76094671888824
ST3GAL4,-22.919296524661824,-6.791078952926779
SPOP,-20.91245823532607,-6.84301764990411
PIGP,-21.392936706837546,-6.866999622604759
PRR14L,-19.69364081814869,-7.524251790224024
ACTR1A,-18.856231834401196,-7.309391135123827
CCT4,-19.14696518581063,-9.144270555578096
CAND1,-19.217848157805772,-13.0855050577399
ABHD10,-18.73306140805958,-7.44706072835492
EPHB6,-19.15720362353676,-6.873166384435279
CPOX,-19.103517653937057,-7.291553124931093
SELPLG,-19.492384948432324,-8.11092723662333
CETN2,-18.471402928889596,-7.688220049398857
TRMT2A,-19.232452359572143,-7.1949543086713135
ABI3BP,-18.98679227465688,-7.211166756117122
RB1CC1,-19.8491347484725,-12.180045963766117
RNASEH1,-19.936926127478102,-7.480441075017017
APCS,-20.978307131461904,-7.234414482155126
TRUB2,-19.39883154905572,-7.3903866288081215
FTSJ1,-21.13133621535968,-6.73814434520441
DLL3,-19.403388158706736,-7.258332239319941
TOR1B,-18.820674315560748,-7.442636236844492
VPS18,-20.055876329310834,-12.767227658751022
THG1L,-20.968178546557784,-12.547304087180835
GLRX3,-19.665744943981238,-9.346615367986196
KAT8,-19.134243423679976,-7.5159465836188195
TTC14,-19.300266765385686,-8.460761775520949
PAPOLA,-18.243729732706615,-13.209060482994314
TMEM204,-19.02093363292397,-6.975437583984399
NUS1,-16.68081650775171,-16.834965019110427
C2CD5,-18.92739767337031,-6.9497316840641155
MRPS7,-19.242449813677748,-8.353590415726615
GALE,-21.77474529533344,-6.7741446866117565
TREH,-20.20088986329721,-7.271786328923168
DDX6,-16.961893207347998,-16.595265720769767
AP3B1,-20.281806009770992,-7.22869952630224
COMMD9,-19.294478649419144,-8.485576521212383
MIPEP,-20.823870008426653,-6.86338234302093
FAM3C,-20.292773906275677,-7.107699948924465
SLC25A27,-18.87073460221921,-7.33765250128191
PTEN,-21.902813681017438,-9.763675233929778
TPCN1,-21.018008732838492,-6.83549412838642
XPO1,-16.716094466059378,-16.585832675160393
PA2G4,-20.221990868985422,-8.228990171196436
PRKDC,-19.359081246115032,-9.908991729718148
EI24,-20.21558014648798,-7.70856976235946
ORC2,-18.957828622768464,-6.812017568063842
UGP2,-22.1414877423647,-6.825877193416374
GNPTG,-19.151022886679716,-7.537737627725391
DPM2,-16.649738411763554,-16.386041790439897
MLST8,-22.164022290926454,-6.876489780380459
YWHAE,-19.39829689165997,-7.188127323228641
WSB2,-19.513103050322478,-9.32380108141286
MPI,-19.323945513404727,-6.806445492420494
CSNK2A1,-21.154355741599744,-7.456368460117418
SNX3,-21.139341655834365,-6.739926948239502
DFFA,-21.449534938891112,-6.778559920931111
APOL6,-19.474065302467363,-7.585916672340737
NANS,-21.763340198515397,-6.69585321847275
TFAM,-19.736080270073685,-7.460892187889849
PRPF4B,-19.244688015431805,-7.497108785067648
HSD17B10,-22.330676872518403,-6.915146464806162
QKI,-19.114337648572594,-7.5388982158624005
TMEM9,-20.680042933326202,-6.707573631058582
VSIG4,-19.686476847370418,-7.524634384504299
APAF1,-19.628356373889783,-9.343216750085046
PTPN6,-21.018255616620635,-6.83107543179346
RPL10,-19.662670471794815,-7.580207416561383
SLC36A1,-18.54880314175732,-7.477937351341529
MTG2,-21.015853439213082,-6.770965249974036
DPH7,-18.306332281318817,-9.12892486566728
DDIT4,-21.381166669277135,-7.3482848428934515
RAB14,-22.256777589263265,-6.680994510593323
DCK,-19.142892974870495,-6.896129878175519
NUMB,-19.16834862395016,-8.13348068754801
NPC1,-19.057212994043006,-7.370485183463382
TAF4,-16.973528060609105,-16.62562403858027
SLC4A7,-21.70585745032926,-9.799294273311803
MTHFD1,-22.69088253086418,-12.580618277324678
LSM1,-19.130217289925408,-8.204487444385101
SNX29,-19.109776397221367,-7.132652125368298
AKT1,-19.298777694871273,-7.263431681212612
TBC1D24,-20.891299982781554,-6.827779295520975
METTL3,-18.927427998579926,-15.325520363370549
RICTOR,-20.00237068932087,-7.233752811443525
POLG2,-21.87480878179391,-6.864340607518733
TAX1BP1,-19.292211392030932,-9.991241951912045
DPH2,-21.417768665427893,-14.297093425911788
ACBD3,-21.768753431954295,-10.022137300833057
NME6,-21.00278721238327,-6.7952401750971525
WDR18,-23.913677560936744,-10.755117265615823
HYOU1,-23.14664631777346,-9.11333384242531
WDR55,-23.687422741945163,-10.399306054111419
GTF3C5,-23.905920067653273,-10.787433551915635
RNASEK,-23.580031428015015,-10.408637932943337
SRF,-23.80469049401461,-10.372937638589805
NLE1,-23.689747539967055,-10.35098364816055
DDX55,-23.67138054296482,-10.417878475453252
EIF5A,-23.788045056892837,-10.850846762953992
SPATA5L1,-23.679253833626063,-10.475436231431123
GTF3C4,-23.904554531554734,-10.633667113271473
SPATA5,-23.817437176447942,-10.88211108075827
TAF1B,-23.695197179496787,-13.080820984586818
CINP,-23.753019975437493,-10.870216946984709
NIP7,-23.507039933945897,-10.704320885012727
TELO2,-23.076214760652057,-14.354651852245265
MYBBP1A,-22.093815769206344,-11.747391011846265
MRPS33,-22.687464597346132,-10.288919476743038
NOL9,-22.524601244231658,-10.786874266360087
EIF6,-23.597296247876876,-13.133608619828085
TAF1C,-23.629020153844646,-13.115362763119787
ACTR2,-23.01012014932928,-12.693635058257588
TSEN2,-23.16349987795457,-12.80658429113138
RPP14,-23.365934932101727,-12.415908543819878
ARFGEF2,-22.568327247637864,-10.28261631033224
ARPC2,-23.113870260115597,-12.423846843758609
CDIPT,-23.53782264451808,-12.959235669234385
UTP15,-21.797840483795227,-11.854821517013544
TTI1,-22.167357977895566,-14.19834851934136
FNTA,-18.80651256338676,-13.296802011369424
CMPK1,-22.159072663159158,-14.386544054154228
LSG1,-22.007358157558464,-11.842626724657148
PWP1,-22.403043757303582,-10.820386887332397
FTSJ3,-22.344822864852407,-10.11497112431725
TTC1,-22.394301591653605,-10.819114591028653
NOP16,-22.159510601759518,-11.634921503052203
FNDC3B,-20.82379103963918,-12.704533125151823
WDR46,-22.51565211163046,-10.893190611154102
RPP30,-23.38388594333744,-12.59720469139492
POLR1E,-21.90017470963087,-11.963224842464827
GNL3,-22.991918710593698,-11.528981966773397
DDX52,-22.007114845676345,-11.86031463361709
TBK1,-22.35831723744184,-10.827131066446851
POP1,-23.13441887586732,-12.674286199940628
PELP1,-23.117980682390748,-12.650493435473694
MYH9,-22.293430658088923,-11.190386986275708
CAP1,-22.482699711084198,-10.78262096846817
LAS1L,-22.26451786834093,-11.24420807531003
UVRAG,-20.889859106461646,-12.525237190361223
PI4KB,-23.61740349220681,-11.877418252880757
RPP21,-23.683402078230174,-13.130354193939098
GTF3C1,-22.273603713191395,-11.868085313972665
TOMM40,-23.025443085350314,-14.802255060371074
PDPK1,-20.626159951629816,-12.26565445408122
ZBTB8OS,-23.335118086314942,-12.731883224070632
POLR3K,-23.51625337123539,-13.172482723132445
RPP38,-22.27092436504506,-12.136018871802417
NUBP1,-23.17515246979772,-12.78456679228174
DHX33,-23.151461863887075,-12.50001780240924
CEBPZ,-22.209096583348064,-11.725079860379013
INCA1,-22.356833416295398,-11.004178988944021
NOP14,-22.326793787340453,-11.605458357989718
EXD3,-21.29405065339993,-10.559796212155192
MAK16,-22.121547454749948,-11.900619637101254
RIC8A,-23.19472160182968,-11.37264596392593
ELP5,-23.511667534296905,-12.974906850566912
NHP2,-22.05152161689835,-13.266768933140177
PRDM10,-22.044332020854796,-10.68895115113582
DHPS,-23.634594160467305,-12.998385787068926
NUFIP1,-22.273417713059477,-11.227759018989612
TMA16,-22.484277105821462,-10.850080292865918
NUDCD3,-22.100925817864788,-13.151678441928777
PTP4A1,-22.2267097422066,-10.805858706614679
ZPR1,-23.550948159752842,-12.97112543473974
PYROXD1,-23.38282550579449,-12.759800817749317
GRB2,-17.621905927193247,-15.757129303776216
DNM2,-21.43130053332456,-12.553764732188807
NOL11,-22.54611131585019,-10.821856421420609
POP5,-22.26482617046919,-11.885885025275247
AATF,-21.919960542705777,-11.98496468356289
NOP10,-22.980192541846645,-12.45588956275038
NO_SITE_524,-21.58128126800146,-10.718528576705607
SHQ1,-23.209014195675813,-11.302355991945213
URB1,-21.92361170899699,-11.85429560647169
IMP4,-22.166012928647568,-12.459644579252563
DNMT1,-22.973285707253257,-11.59726824050735
ALG14,-22.177733651819892,-10.387854123295824
NAT10,-22.244268143731304,-11.538556567656661
CNIH1,-21.230344128678816,-11.469334165367084
IPPK,-23.191075143126497,-11.147203832628875
CDS2,-22.94869676669993,-11.5448134556678
RCL1,-23.28893117356978,-11.970752163996165
TGFBR2,-21.967169538746877,-10.504414223971684
TAF6L,-23.045493999542117,-14.603764804783754
NOL10,-18.313513603660223,-16.214935223923753
WDR3,-21.757078684047535,-11.002403927317411
LTV1,-22.07185470975205,-10.630188226234702
XRCC5,-22.127933128920567,-10.245525870786357
RPF2,-21.808064069684878,-10.569012368165293
PAGR1,-21.63410909418288,-10.331674561933642
ARPC4,-23.59997659964792,-13.11250631593573
RHEB,-21.628239308877802,-10.336559316371083
PARP9,-22.025922840410658,-10.53002055812853
RIOK1,-20.827589115582484,-12.64562407521125
ISG20L2,-21.311039804749633,-10.511034465238271
DHX36,-17.39884736275615,-16.084980459170097
SPSB2,-22.1770281364685,-10.391324592870333
ASH2L,-17.470593420605816,-15.70785735672964
KRR1,-22.431978896808367,-12.479557861852365
POP7,-23.12149321098963,-12.672313002806915
UTP6,-20.90209117589924,-12.528799105711473
CCDC105,-22.089708414171096,-10.64125770523319
DNAAF3,-22.119409970306698,-11.084645933996503
GAD2,-22.08133010229849,-10.541743699472732
VPS13D,-22.00428135246365,-12.176405393767267
GMPS,-23.22477950164239,-11.199123675695951
DHODH,-21.949617591426538,-10.867439380371488
SETD1A,-21.345402297680728,-10.578184293814779
RRP9,-22.27966231092096,-11.896117293557754
RNF40,-22.23402899845306,-10.901532949198405
GART,-18.24487774472271,-16.235689972893212
EIF3I,-17.37501451970694,-15.686054326618732
PRMT5,-22.04359191022854,-13.220302615792848
PCBP2,-23.705939280950858,-12.85593842905305
RPL19,-21.86720690034197,-11.824207589388307
MED23,-17.826689557210102,-11.393044520591063
PRAM1,-22.28473532888894,-10.85012388681857
DDX51,-22.255383315073733,-10.896855491186315
STT3A,-23.155929164448843,-14.818702057268428
UTP20,-21.588440053499628,-12.336223089279652
ATG101,-21.92644877551236,-10.587993003264039
TBL3,-22.363891418273266,-12.192383444761182
ACBD7,-21.576929060931587,-10.695556501525216
NAF1,-22.801388626324496,-12.175281909305893
SETD3,-23.207550437787443,-11.364415442915028
ATXN10,-23.133142706169085,-15.093642250163326
CIAO1,-23.51567258344015,-13.088594497882525
EXOSC10,-21.939338742163738,-12.243482972592155
ENO1,-22.10211382645808,-13.111828862313248
TWISTNB,-22.099513540461295,-11.002108993218679
HSPA8,-19.490641664520204,-16.1044123481959
DDX49,-21.932918408903653,-10.824879029668518
SAMM50,-23.45997932820695,-13.013252447788073
UBA52,-22.797227049451553,-11.734385500178014
SNX14,-23.24128362416284,-11.293294688652278
PDCL,-23.08113076310239,-12.586351096601687
PRKCQ,-22.20213719993195,-10.854122553799131
PLCB3,-23.208303366282934,-11.288998191722142
VARS,-22.699868234946887,-12.141633083177018
ICAM1,-23.22585310272428,-11.236820881045908
EIF4E,-17.21220566024244,-16.887861399759842
BRDT,-22.048379102308967,-10.647083560056235
RBM19,-22.19642510282141,-11.159717010463371
VANGL1,-22.22441591424246,-10.857974155261605
THOC6,-20.882916016554418,-12.542326413287167
CSDE1,-23.05650947281627,-11.414817993431157
RGR,-22.16120959334988,-11.12337605870109
OSTC,-21.94304734364976,-10.511840499854875
UTP23,-22.028440055006513,-11.01696128796532
WDR5,-21.411394511969,-12.419230651362946
WDR24,-22.697182943198264,-12.051703302059492
TSR2,-21.578515519264123,-12.348883419388008
PES1,-22.00536554601625,-11.85157306349578
SNX13,-22.721131198231234,-11.192924555629318
CEBPB,-21.9265961552817,-10.460313029417936
ELP3,-22.5235296761824,-12.407427067108591
UBE2D3,-23.170975873606142,-11.239280112291098
NAA20,-20.88288210389574,-12.51354297670317
LHFPL2,-22.106709725766596,-11.048159377263975
SLC39A12,-22.062382903800003,-10.391819184322392
NIFK,-22.3002271061926,-11.53271118435283
NOC4L,-22.86374166031939,-12.400261787025022
MED24,-21.939354323380297,-10.803671173593145
ELP6,-22.109471203555206,-12.298944998039174
RTCB,-23.397789154612237,-12.880455589885914
TRMT5,-23.44893823416364,-12.85803769191104
NAA25,-23.29314790958892,-11.938922117033577
DDX54,-23.161396127184496,-12.803522524710438
DPH3,-23.378824309234126,-12.98047195329036
YEATS4,-22.55443859764117,-12.133015924016634
AAR2,-22.183890857233916,-10.871356105290044
RIOK2,-23.13693970465105,-11.267658070763435
ZNHIT3,-22.317950151762314,-12.271450923405869
ITPK1,-22.940067806048756,-12.334115257552554
SEMG1,-22.06142259399928,-10.852796102637601
TAF2,-23.22078072601783,-11.943646124210519
IPMK,-23.274945782887357,-11.387752476825456
RABIF,-21.69105152025393,-10.6519951812541
SCLY,-23.271561191478057,-11.242738226928145
TRMT112,-22.998508560271695,-13.062603585431722
RBM3,-22.483583528778773,-10.83792272715342
NOL6,-22.04831388386746,-12.322394154546176
COPS6,-22.56424651481741,-12.132946177824653
UGCG,-22.141827097195005,-11.075349845969537
ALDOA,-23.14495608532361,-9.005120957433807
B3GALT6,-17.389152817859003,-3.557702912482874
B3GAT3,-17.40401521092213,-3.525436057072933
B4GALT7,-17.3108847749603,-3.5927761679380534
CAMLG,-24.531797513944753,-9.083810010088719
COG5,-24.55004372797959,-9.065052572766387
COG7,-24.54878635231095,-9.081506375597327
EXT1,-17.328350259831183,-3.6154327876520767
EXTL3,-17.394152963120515,-3.616241680036105
GET4,-22.968815326848627,-9.002832324489837
GPR89A,-23.964171004935483,-10.45868739737462
JTB,-23.036234732887976,-9.031291227869064
NDST1,-17.43204944938616,-3.6430258087628586
NHLRC2,-23.13538517796158,-9.086660819156402
PTAR1,-24.592955388780453,-9.073126951049712
RAB1A,-22.90192101040292,-9.13257176803614
SLC35B2,-17.36041628594934,-3.6523652360031638
TM9SF2,-24.62095117262042,-9.146662622925042
VPS25,-23.340358317968057,-8.76322638284541
VPS51,-23.349733079948784,-8.735928524960618
VPS53,-24.53194673067586,-9.161917732489227
YKT6,-22.71036366841512,-13.494619563485779
GOSR1,-23.037151244545115,-9.075199910387944
GTF3C3,-23.947662613950946,-10.726113374441868
SLC35B1,-23.865689992193442,-10.655974294354694
TMEM165,-23.074650100872073,-9.007747408390173
EIF4G2,-22.77679719403866,-9.209794573669237
PGK1,-17.4360449327387,-3.4745661423456875
TRAPPC2L,-23.018602939433123,-9.048055296421207
CANT1,-22.874211712466515,-8.949514042417015
SLC10A7,-24.570769976377914,-9.002939963236313
GUK1,-23.438589972505493,-9.986173900234284
CDC42,-23.076722768296275,-9.314763455550601
SNF8,-22.874246466695638,-8.876648471746414
TRAPPC12,-22.62877529387848,-8.895567176961942
ARL1,-22.670837058183224,-8.940402576792804
MVD,-22.892986753615812,-9.265407243676279
EXOC4,-23.161470253057068,-9.851604489330203
WDR12,-23.26587453618728,-9.881173550224753
GRWD1,-23.22145103972026,-9.811135345796206
PPA1,-19.04248543698165,-13.367417451363474
VHL,-23.095898771725793,-9.542457879673586
AAGAB,-22.285390451491192,-8.959883758352477
ARFRP1,-22.609195761595537,-13.550409301752788
CCDC43,-22.23453924203356,-8.567292304633739
UTP18,-23.001293436918505,-9.536835566858844
NMT1,-23.00543081036268,-9.2786297129855
S100A8,-22.089500918247815,-8.857535729300604
TRAPPC13,-22.376471436395565,-8.903249971073343
EIF3H,-19.069793063823056,-13.371287513247175
SLC46A1,-21.92940167673573,-8.81577195702637
PFN1,-21.260714497843978,-9.403641808227555
WIPF1,-22.060359646449037,-8.773056610004954
TM9SF3,-18.810483793176918,-14.222612492804497
SDAD1,-22.158913143520547,-8.971463253860783
SLFN13,-22.11724236499761,-9.068343877063166
EGFR,-20.399218741612785,-9.628455502429617
VPS16,-19.153061048115518,-13.392808156428927
PLA2G4C,-21.936739238847416,-8.866642057255255
STX18,-23.269249718698827,-9.88813298519889
AP2S1,-17.50622038897782,-17.036980728326714
SV2C,-22.213344051629637,-8.533801411777254
TEX264,-22.212009735436173,-8.50416104772993
ATP10B,-21.659708598070186,-8.53134440943521
IFNAR2,-22.07693502379783,-8.834629488542754
VPS54,-21.76109102993116,-8.71406588274884
SMG8,-21.680345186706877,-8.51475625409699
DHX29,-11.498920043589875,-12.984087522646654
POLR2K,-22.30543325218758,-9.196741916820827
DIP2A,-21.99654416886627,-8.991015573687505
WDR41,-22.125123112808364,-8.657998229128273
SLAMF1,-21.742793798665087,-8.837470311943495
HOMER2,-21.830029587980754,-8.833958273618949
TAF12,-22.16331664820631,-8.535805163702536
FETUB,-21.851923738392518,-8.817142372368535
MIF4GD,-21.805678865373547,-8.832784657363641
KMT2A,-22.198500802808198,-9.131282029426888
UBE3D,-22.85198895710302,-10.20041631705099
HMGXB3,-22.26221253646947,-8.480643394130361
WDR74,-22.207047826635538,-9.13672520961743
NBAS,-21.623443239903086,-8.73854791763139
ZFAT,-21.895192449461693,-8.896615601235611
SAP130,-18.702133532237973,-13.432809907966774
COPA,-21.177492296249948,-9.343828949089211
WASL,-22.200578001527603,-8.504187868395093
SLC6A15,-21.882758118706228,-8.865549378867502
TEX2,-21.75011792905253,-8.910723913850575
ARHGAP27,-22.14633148424621,-8.417548883335492
TMPRSS3,-21.729765064853417,-8.496126718506053
CHRNG,-21.488250400962972,-9.082211788683091
RBMXL2,-22.24148629284012,-8.447341890927163
NIPBL,-21.127515337231458,-9.405060558263163
PPP6C,-21.637923875055527,-8.484200101261136
FKBPL,-18.550960825583466,-13.437799401323403
ATP6V1B2,-13.163812161793713,-13.00410227155659
LSM12,-19.196372591626634,-13.3746016859138
GPAM,-21.94118169394652,-8.96051516383134
EIF5B,-22.553939470993015,-14.345568231214614
SYS1,-22.60050570616916,-13.57057097047554
COG1,-22.14451053402992,-13.470894154821023
ALG13,-22.609731876810482,-14.398537639987937
DOHH,-23.04679115017847,-14.365885337689337
MBTPS1,-22.321774484533222,-14.494979746468923
NO_SITE_333,-22.44395734943497,-14.998596136407748
SEL1L,-22.489803504035244,-14.44996557721926
MBTPS2,-21.813024206566165,-14.49818215159351
SLC7A2,-22.326896405496825,-15.067714257803175
MED12,-18.61916227819006,-17.123374869649194
ALG1,-21.952488910460627,-13.67823129264866
TADA2B,-21.94545683239221,-13.632816053813636
SLC45A2,-22.448824208830498,-14.969671325653133
ZC3HAV1,-22.509606841041837,-14.97409043344337
GNB1L,-22.032167072721947,-14.431984139777448
MMS19,-21.96542054087485,-13.483497114799396
LONP1,-22.040703923304424,-14.352828676141401
PGS1,-22.817578459862407,-14.37753918677958
SLC33A1,-21.90808548433328,-14.450320946337591
NF2,-22.398112449347096,-14.945652767582681
TXNRD1,-21.68501546013654,-14.474472631585835
PTPMT1,-22.970632458285348,-14.554475741019681
KDM6A,-11.600209089888915,-12.767627371368103
NO_SITE_669,-22.039653986856628,-14.410997590532045
SWT1,-22.559666595415624,-14.990943353034298
RPL28,-22.03805728759544,-14.332896001920528
CCNC,-22.892046397952384,-14.796964816008023
DIABLO,-22.273117899471327,-14.981082771635284
DNLZ,-22.83127791960088,-14.568487702674869
B3GNT2,-22.86344262745747,-14.747512188227704
SEC62,-22.45675087382565,-15.037994387497811
SOCS2,-22.254357399693518,-15.003136760010017
TOMM22,-22.084018900497192,-14.354610982105818
KDM1A,-21.528852391791553,-14.353838957658766
TAMM41,-22.739624755424476,-14.426110988436983
MCTS1,-22.896603760529644,-14.801938106504988
CRLS1,-22.044236443970576,-14.366194455903509
TIMM10,-21.53331527258901,-14.91824657223124
CTU1,-21.084563584031134,-11.747993831390096
UBE2G2,-21.668087542741986,-14.569760678769983
CHD4,-22.995831391216154,-14.50419799419995
IFIT1,-22.529845100876454,-14.921234916019788
DNAJC11,-22.715585660487697,-14.32796423297056
FADS3,-22.159955302543768,-15.00125037511642
SEC63,-22.853224537596436,-14.725695337594207
ARHGAP12,-22.2841818840284,-14.972360600342588
TRMT1,-22.35274937033861,-15.012210031231586
SLC5A12,-22.725757638755706,-14.945117606134675
VRK1,-21.12505482546836,-15.203878067249768
TGIF1,-22.10500551314492,-14.457046872897486
EPB41L3,-22.459292960896626,-14.999651985207192
NFRKB,-22.28620857052211,-15.012759707044973
ATF6,-22.61566950461636,-14.947326575519
PRMT3,-22.278085506921816,-14.946931117255374
METTL16,-21.939591803708637,-13.662500355360974
PDE8B,-22.35773050366446,-15.044293080016795
SRPRB,-18.685858186173174,-13.453519677296386
AHR,-13.134228770617609,-13.003988508562884
EEF1G,-23.516124965954578,-11.02841323004437
SRP72,-18.543260047034856,-13.444466080387638
USE1,-16.084157626653496,-10.995059346703243
MEN1,-18.349426699828218,-13.39805731493508
E4F1,-18.43690489913506,-13.434254068925657
GTF3C6,-20.66117387490514,-11.89031225974762
EXOC5,-18.597038136306786,-13.459280543560823
JAK1,-19.33451685494865,-12.417044402223484
BPTF,-21.71716937199209,-13.721819011193938
SRP14,-18.567304204842095,-14.363016497755945
EXOC3,-18.263602552830736,-16.265423365260382
GABPB1,-21.85848738600376,-11.807895396302078
EXOC7,-19.61649393217604,-13.675002591383317
SMARCA4,-12.299985507330913,-13.602338412229944
MTOR,-18.715747376760618,-14.389268608813351
PLAC8,-17.279379874189218,-16.558245274389275
PGGT1B,-17.939545068219942,-13.280037355962126
FERMT2,-17.253319552737484,-16.48790162469276
SEC61B,-17.759486817644426,-11.836881138437528
SMAD4,-18.2973541518993,-13.470061162350127
INTS6,-14.967489944157279,-12.855544660383456
TRIM71,-16.044198874689528,-11.083332924433854
RPS6KB1,-16.136241108552955,-10.937473625558995
SP4,-16.046167308655654,-11.141884424648069
GATA6,-17.90199768341022,-14.108512972055857
ARID1A,-12.244578314542105,-13.542900553453661
SLTM,-19.673220096147897,-13.978582260219445
CHORDC1,-18.44994750026532,-14.191547326320462
TRNAU1AP,-19.407360064091957,-12.406955167889238
PGD,-18.61211556770874,-14.311324326993788
SIN3A,-17.350792816025763,-16.659429817839385
NUBP2,-23.17899999594323,-13.182755242165381
RNF111,-17.197596706319086,-12.716338061170072
HELZ,-17.539393747012873,-13.63416747058706
DPH1,-19.208514080875315,-13.933447715709224
SUDS3,-17.851337060799917,-14.017952444448209
UBA2,-14.763034580405337,-12.670095191221824
RFT1,-21.47839836514948,-13.190957269612356
EXOC8,-17.203348825738846,-13.054222995128713
BMPR1A,-17.530545637264456,-13.655535163642034
OTUD6B,-17.239939036727414,-12.711763651136653
ETV4,-16.720756557944174,-11.39860108172296
CTBP1,-17.51460605599057,-11.894278685714077
FBXO28,-17.608276381311946,-13.651248990774945
RRBP1,-16.78692484227217,-11.546374691699347
MAU2,-19.369501760939997,-13.278989866270416
EXOC2,-17.028953234360557,-12.421453422778137
BRPF1,-17.652489344683058,-13.55488189092398
WDR26,-15.955696383482394,-11.407418436760558
PPP6R3,-15.98947652160267,-11.412233266526975
DROSHA,-18.64993580355404,-14.521941680289888
AXIN1,-17.099203229346273,-13.194187716218966
CHD2,-16.973497226033487,-13.113718655462261
RCOR1,-14.802318855406678,-12.296215904921047
TCF7L2,-17.548457704817498,-11.511241577247
TFE3,-19.60034592818162,-13.696894441498475
EIF5,-14.687449201420156,-12.344679873236231
POLR3B,-18.713943221812006,-14.63051835723781
ETV5,-17.050888666992794,-13.157695034798687
ZNF787,-17.486228867624867,-11.853221634886088
MED26,-17.920753501281812,-14.144243014817093
JAG1,-16.04609530010947,-11.383613230960918
TMEM41B,-17.23790264837164,-17.2756801937647
DET1,-15.765380916577426,-12.96624300949287
BRD2,-17.56254391595702,-13.617246035776665
KMT2E,-17.201104137338298,-12.482509514898378
HSPA13,-16.565686248079526,-11.695447260513806
GATAD2B,-17.556908079889933,-11.247154998843369
PTDSS1,-19.583906057209624,-13.783600900914674
PMPCB,-21.971622692358675,-13.49935346895915
UBE2I,-14.654719244029513,-12.634312947701588
NKTR,-19.395383535046957,-12.412311671554919
INPP5K,-17.99693919120017,-14.205121501199965
TP53RK,-20.715294036987427,-13.313649448052683
SPEN,-18.786909711575014,-12.98001986986674
CHMP4B,-16.96124825697814,-13.035539667383482
MEAF6,-17.197112431349364,-16.50519883690302
JUN,-19.057373373471535,-13.12787766951881
RNF4,-16.02324881325796,-11.45189755465778
ELMO2,-17.04699394918176,-13.158413400898999
SMOX,-16.11348676625092,-11.469083019857292
TPRKB,-17.977844175378365,-12.80974242413705
DDX1,-19.643178548859776,-13.060882756342775
ZCCHC8,-17.211765255598216,-11.814590490324841
PPIL1,-18.201689929003845,-12.804851145670114
POLR1B,-21.390239295720885,-12.573286213829041
TRAF2,-20.01960061799748,-12.676741696548248
PROX1,-17.167790826360974,-11.869177536112844
FDXR,-18.712641288878068,-14.482392504800512
ANKRD49,-18.786013249537366,-12.397528043932988
SLK,-16.002161586033683,-11.596805835138694
AMBRA1,-19.589257301921226,-13.780972122488143
SCAP,-18.15685024505819,-13.168187640078047
ARHGAP5,-15.293973189064461,-12.75995207387397
FARSA,-17.25900211223065,-11.816935767939466
PIK3R4,-19.727376938119363,-12.673774031569932
HHEX,-17.407526143386896,-13.431790435151134
TMBIM1,-16.63746799662956,-12.460153299064611
GGPS1,-19.88505382154231,-12.684608861966916
LIN9,-17.15646247855524,-11.971037829730244
TAF5L,-19.346888737615995,-12.958374840014441
SLC30A1,-17.161703782623366,-16.550965509197688
ELAC2,-19.662589673753683,-13.223202748208335
HSPA14,-18.60291058814058,-15.092911418284201
VPS11,-19.91284672501784,-12.626939366661617
RPS28,-16.887349879525374,-16.641196989562527
FAM53B,-17.50866633379543,-11.265150673215802
ZNF598,-18.9460735895162,-12.608400334175512
SOD2,-20.525115909180304,-13.807752193874544
CTNNB1,-18.321644579627826,-14.235682801445
DNTTIP1,-17.293666164060046,-13.324312877721837
MTF1,-17.679072642651594,-13.509897668372934
CCDC137,-17.0921437830869,-11.93454893872877
DICER1,-17.658109054142436,-13.715721141647169
STRAP,-15.215320781749073,-11.822857267380417
FNBP4,-19.76302471249895,-14.01376702619447
ZNF281,-16.22479197597952,-11.856204966904059
PRRC2B,-17.128478104652405,-11.682462485260926
CRCP,-17.981247066161853,-13.519149616810136
NUTF2,-16.680032093605924,-12.229106268413886
TREM1,-16.293398061578916,-11.577392085284986
PUS1,-16.432416626027592,-11.686767456906106
MSL1,-16.63445483693259,-11.385079549679237
IPO5,-15.212793848422312,-11.782011348275033
PPIH,-17.194304336988782,-12.492101700286417
ELF3,-17.013578407158548,-12.355254340588248
MDN1,-18.634949395283424,-14.30808628885482
OSGEP,-18.78533966194656,-12.422498583822806
HSCB,-23.234333541500998,-13.277082399282959
XPOT,-17.65936156477341,-13.840872159114411
HSD17B12,-17.031695209653808,-13.38407079794556
CHP1,-17.46224491014126,-13.386670353011805
LETM1,-17.9870695980537,-14.20884162716456
VPS37A,-17.54353839925396,-11.227463202223733
DR1,-19.68270295182976,-13.95209440624495
POT1,-17.818593410146384,-14.330539026277037
DUSP1,-17.607305668506722,-12.313918532649339
LIMS1,-19.862363328399177,-12.570593931909128
PHF12,-14.574531555740878,-12.544184129227494
WDR36,-20.731370346005136,-11.867661048327374
EP300,-11.65826138109656,-13.39988018547129
USP34,-16.883676380652332,-13.612661592116263
SRP19,-16.13324593788203,-12.014556225036081
TNFAIP3,-17.454354062001922,-13.387092305444247
SNAPIN,-16.429426797019683,-12.135446922861528
MYBL2,-15.723801759155705,-13.011060719006108
CDK2,-19.289018434927897,-12.517391351433695
RBM26,-17.225612844966214,-11.905057039470089
SOX4,-17.35353802806133,-13.992595173314353
RSBN1L,-17.42651848554194,-11.943972964213632
RBM5,-16.901809146901513,-13.101566135003434
TRIAP1,-19.89745062563184,-12.525205369272594
DRG2,-16.75961079511022,-12.213888114692162
ADCY7,-16.555581316141406,-12.500439107212998
BCL9L,-16.402296683609368,-12.01139268124971
FBXW11,-17.54667964293927,-13.684185409216044
GATAD2A,-17.07016560492562,-13.02770232599353
LAMTOR2,-16.70069519552526,-11.618537199403923
POLR3C,-18.656809424544626,-14.290100981158508
KLHL15,-16.04951560973337,-11.808502108621667
TMEM30A,-19.12287597837265,-12.833720470503492
DRAP1,-18.116051897733517,-9.45782600703601
SRPK1,-16.37320069758506,-12.195381507517832
SP8,-17.487063639995316,-13.757370307179478
KCTD10,-15.211923265703605,-11.870410042345886
PDS5B,-16.61645796274114,-12.57978358572922
HNF4A,-16.878903068603908,-13.575372605276518
TXN,-16.939612812464734,-11.932889287747875
CHCHD4,-18.32336254873835,-9.404128751534506
PRMT1,-20.76305086966194,-13.396840984277793
ALG2,-17.64831599669536,-12.57666827075823
GREB1L,-18.03807639198065,-12.320441779090771
RNF121,-16.32226976310061,-12.36363512597148
EPG5,-17.744585598085866,-13.29553304782199
MORF4L1,-15.768214510195442,-12.93931575740186
DGAT2,-19.866392299373654,-13.877309386737078
CNBP,-16.88095746413895,-13.009844539006396
COPS7A,-16.981117155171273,-11.720481426605126
CHMP5,-19.97788214700638,-12.638549668754022
UBA5,-18.858748381131587,-12.850217075477174
PIK3C3,-19.528505819376058,-12.92093702233693
VPS33A,-17.364701223660617,-15.673408938573674
COPS8,-16.566139917459406,-12.334284989647005
GAK,-19.794965909929722,-12.411410047940347
GGNBP2,-15.130003873637069,-11.764221725586966
CDKN2B,-17.347897816667363,-12.770008353514095
GRPEL1,-20.823211363968767,-12.88297774320303
SEC61G,-17.522569945583257,-12.520708551726283
DPH6,-18.650193246482754,-12.694493474184284
SHOC2,-16.34567527525907,-15.014749147410491
XPO5,-18.830995372991204,-12.410069783243225
GOT1,-16.19545568933239,-11.939055288867824
DPAGT1,-18.746310174029603,-12.430772659669994
ZBTB12,-15.991824204082498,-11.699920863035105
TAB3,-17.46598824108012,-11.607365942085286
METAP1,-13.216773301476824,-12.94396271388201
TOMM20,-17.289665956328726,-11.812950265154637
GNB1,-18.18724276044547,-11.803973222524583
TMEM258,-16.2394395196287,-11.790487589957085
HNRNPH3,-16.436576885538102,-12.225152177695561
SBNO1,-16.59365314955597,-12.3978626626443
PCBD1,-12.17082579099322,-13.51377118725885
FOCAD,-16.697284239054348,-11.61565759281675
E2F4,-15.966689263079092,-12.412473705105521
SMARCB1,-12.150779284120519,-13.491077738213212
EED,-18.158656940037677,-11.79693296005455
DNAJA3,-14.659197971529522,-12.354278136494745
NUFIP2,-16.163036174258266,-11.650577202167135
ACVR2A,-17.13271899738322,-13.556317385786736
ILK,-16.58931740710195,-12.320388025464112
TAF10,-14.551011332160536,-12.507483660666274
APC,-17.48192775736767,-13.358283802502365
DHRSX,-17.051803332906978,-13.448348442897474
EIF3L,-16.408608297379935,-11.639946245168797
DERL2,-16.597327635955065,-13.23286904859061
NR5A2,-16.246482060199618,-11.846988618479994
SNRNP40,-18.55502238426028,-12.450214856516682
EGLN2,-16.43344587869997,-12.00124946208139
NR6A1,-16.715365180941813,-12.79946233902222
ZNF628,-14.81297516594679,-12.708239040957396
SMG7,-19.353096920700278,-13.002113387441948
DPF2,-11.636227935976619,-13.371613832512605
BTF3,-18.56466567173638,-12.326611482184097
TPT1,-18.759144182230305,-12.464565492842317
MED13L,-16.37359276631429,-13.11754077006148
ARRDC3,-18.731853497331524,-12.546932731072983
TLE1,-16.30041224355835,-12.23430113683139
ZNF638,-16.227969779437075,-11.905229926557494
CPSF4,-17.4333731873438,-11.94490815991751
TAF13,-17.992203960014336,-13.484892352812652
ESRP2,-16.054861941184,-11.91440540232931
MDH1,-16.351301350239947,-11.83707201112191
RB1,-15.714579941039059,-13.079098235981464
RREB1,-14.42138932948075,-12.593065945009897
LIAS,-16.984402047407382,-12.012458647670066
PMPCA,-19.10704631149822,-12.10443917128157
TFDP2,-16.54923817745161,-11.728750440118478
NELFCD,-18.644645443937474,-15.05357881015884
TBL1XR1,-19.76443093244691,-12.543299868055769
TAF3,-14.304860506918006,-13.13652809941706
INTS4,-17.454259257743843,-11.878590068616756
WDR81,-15.603397537186657,-11.863828737819958
METAP2,-17.656278158164387,-13.463588751952312
LRIG3,-17.070639219954977,-11.89448700319746
PPP2R1A,-17.95598751395795,-12.104347883316612
STIP1,-17.26355307495097,-13.899654042078057
MAP2K4,-16.293223713504617,-11.758895597256968
GATAD1,-14.7925082312319,-12.615250472585164
ELMSAN1,-17.68703670438778,-13.184880650827166
HAVCR1,-17.22360668856551,-13.277126860606256
MAPKAPK2,-16.056688155497813,-14.21633109443
HDLBP,-18.20768435558999,-12.32757891700635
TSEN54,-17.941816250752154,-13.714513012362652
NEMF,-16.911935052370374,-11.675769156957868
YTHDF3,-17.001036116626608,-13.105381684311622
WDR73,-16.84702433905838,-12.231072052159746
HIVEP1,-17.46898953897176,-13.37457498651875
MAPK14,-17.209686373174414,-16.556887255803755
ACSL3,-17.349527225687524,-13.508791258774233
FZR1,-17.698670857118678,-13.647805875771374
LARP4,-17.680860241493892,-11.078569581894495
IPO8,-16.441238721495967,-11.690974394050997
SNTB2,-16.729007040932668,-11.672703514308253
EIF2B3,-17.29283612429264,-13.87980776061654
HTRA4,-16.85441509425079,-11.618914414010357
PSME4,-16.727253066316997,-15.343625231472528
HDAC8,-16.276302228716453,-11.81853193051237
TRIM28,-19.26644859114927,-12.876027756387286
SAE1,-14.539872656708306,-12.530990199985963
ZMIZ1,-16.748215252422312,-12.837448413159592
IST1,-21.459443774301693,-13.098033054958375
BIRC6,-17.552324107135394,-12.094103334714433
ACTR3,-20.339750130167015,-12.438104097097536
CSNK1A1,-16.95526226973143,-15.349586445598836
EIF2B5,-16.551691662867814,-14.809539371421247
TADA1,-19.49582804557442,-13.026163099168562
ARNT,-17.144759550768313,-13.515330358552589
ASCC3,-13.147272550018906,-13.005477757617738
PEX19,-18.271974541476066,-12.062071811041022
TNFRSF1A,-16.879540496804978,-13.201801468141818
EIF4ENIF1,-16.43396841793743,-11.664240299479717
PDHB,-17.12084491504474,-13.343314035075007
FDX1,-16.2507008389569,-11.772889421127797
SKIV2L,-16.41040177379724,-11.651719997687504
TAF1,-15.495748363680367,-12.940755325193004
EXOSC8,-17.0499693279758,-12.131609949536454
MRPL4,-18.723515913579757,-15.45266354801815
SS18,-15.572344618041154,-12.913349326302695
UPF2,-17.176339335574713,-16.463708573389916
OTULIN,-18.662249135242103,-12.730654316230948
EXOSC2,-18.760185350184443,-12.43258119984474
SETD2,-18.024711020415346,-12.436350738352198
SENP1,-14.79407328867318,-12.831523128410046
BRD4,-18.04025242216774,-11.714130626507513
GLCCI1,-16.5090191260377,-11.723495259994523
RAB44,-15.411626468515593,-11.807175115895287
RBM27,-16.91955964234229,-11.816715305134485
EDC4,-18.24430726627376,-9.29270604085498
KLB,-16.949783968200766,-11.59437786086495
FXN,-19.316057509941068,-12.358941145451812
GTF3C2,-17.65091835451395,-11.407122482680345
CCNE1,-16.85157615312934,-12.357044087702823
STAU1,-17.53249825255951,-12.052332187506558
MRGBP,-16.681417635692394,-16.74122093590441
CYLD,-19.601476175252824,-13.013078571829626
EXOC1,-18.392402369656367,-12.84129101709504
LIPT1,-17.236962675036132,-13.28079851018836
ACE2,-11.658697189918291,-13.398024136907352
CYFIP1,-16.969090937996455,-11.601018832561111
BECN1,-19.51208183130946,-13.011786681947509
WAC,-17.393116876396768,-12.059820012520587
MAP2K7,-19.516645621387102,-12.991418320565346
SARS2,-18.733550421234035,-15.476487540401697
SMG5,-15.217855948427975,-11.83688487666558
USP24,-18.671524266600585,-12.721456204497704
TAF8,-17.147365287904023,-16.3988468778738
CRKL,-17.456761363393,-12.968347163092245
RTN4,-19.7655667515883,-12.45210714599439
TOM1L2,-16.082866790434625,-11.956176072929097
ZFC3H1,-16.64582327604458,-12.671650218885553
CERS2,-16.548858128695066,-11.842589620801625
SBNO2,-17.190858276952234,-10.442858464588385
IL6ST,-17.858106743594202,-13.000512636738708
EIF4G1,-21.239221884291876,-13.379824133655054
ITGB5,-16.592615528346375,-16.78986657231492
MTA2,-17.36404165435529,-12.04928383645559
POLR3H,-20.81390815302564,-13.360624335190355
FBL,-16.521782649015996,-15.339245413386026
PPP2R2A,-17.11874408508495,-14.180648552077832
VPS35,-13.249504255094658,-12.942070928328295
PDCD10,-17.779321358403717,-12.463792792851844
TAF7,-17.548003817852045,-11.517146807751997
CBLL1,-17.624710432995325,-13.719027926499837
SLC26A8,-16.620645734344322,-11.688385701050754
RALGAPB,-17.232830949153062,-11.807927442962601
ZBTB7A,-15.180469057257058,-11.98539273629124
ZNF473,-16.789354190386728,-12.88189177328491
DYNLL1,-17.360712141460937,-12.542359371619076
IRF2,-15.962760725973228,-12.558135779378624
SH3GL1,-15.903347573437781,-11.778786994741068
SMAD5,-16.22175224773337,-11.74091444038554
GNG5,-17.183112423337025,-11.823323278709127
TMED2,-17.790355879873196,-14.280365022269775
CTNNBIP1,-17.14114088017441,-13.369182458278866
SH3BP4,-16.14616231357315,-11.662718759811028
PARP1,-16.521176586958433,-11.70614317562662
MED18,-16.956818335060994,-11.623648518359712
CSTF3,-18.057075886611717,-11.942927553055343
FRYL,-18.04983426133856,-12.419385241246617
KCTD9,-16.743036227270494,-11.915221328510487
LPIN2,-16.10471857253379,-11.832323802306178
ZBTB2,-16.800039116984813,-11.902421970283541
NRIP1,-16.766277560895933,-13.17797004743401
LIN28B,-16.763039023653384,-12.85666853468367
UFC1,-18.186001919667945,-11.358138167622595
CREBBP,-19.336442350711668,-13.004466058311523
ALG5,-16.898435733061927,-16.602764916440155
TOX4,-16.255455839056797,-12.931047632548001
XPO4,-17.63595034643008,-13.699337380870393
NCOA6,-14.652508961877864,-13.017858720216516
SETDB1,-13.224843738386127,-13.135415892059319
LCMT1,-14.33250888586326,-13.113536926513765
RPS18,-16.74261671989825,-16.79693514322871
ITGB1,-16.047223799787787,-12.028724194948333
TAF11,-16.064856363247113,-11.944829905459988
ZFHX3,-16.625592174662,-13.325821796187569
ZC3H4,-18.052749171143684,-11.953613073324568
ONECUT1,-17.103565228921678,-13.48188592970159
RAB10,-19.53885861471651,-11.97435289436558
CEPT1,-17.380583704879612,-13.49781334365787
API5,-18.009710448353214,-14.197380768892362
CDX2,-17.32914033575698,-13.61348347376368
TMEM214,-17.38139773786909,-11.474404863098513
KHDRBS1,-16.661861823381322,-12.891496382825814
KLF5,-16.500006397145484,-15.385980310906191
GFER,-18.62750593013788,-12.679299531873912
ING1,-16.04542549385536,-12.000816308027986
SOX6,-17.578028701409476,-13.308430860192487
PHIP,-11.632284848341861,-13.310898502971819
CHD1,-17.7267142318062,-13.164949626554195
HDAC3,-16.790541673903444,-11.580793252042424
MED25,-16.289817205462583,-12.908273398452515
BIRC2,-20.550983706767244,-12.68513272296909
ZC3H18,-15.536131494116745,-12.932279892645319
SRSF10,-14.62724636874559,-13.050796210529905
ATF7IP,-13.583780858494546,-12.879675971732032
PRR12,-16.73446031773875,-12.874114853299927
VKORC1L1,-17.738271025324103,-13.867634057633481
EPAS1,-17.125843693301686,-13.461941190714889
HSPD1,-21.11647177293677,-13.382650344842208
SSB,-18.106102568989524,-12.5949800928351
RNF31,-17.6654452997796,-13.838602394137787
SMPD4,-17.2584088790075,-13.271333120593262
BAMBI,-16.917312152769387,-13.561566027959145
MYO1G,-21.993635072040775,-15.001117141261778
MIDN,-17.698802472729508,-14.384959178390675
CAB39,-18.055976078675148,-12.53078538544238
BTAF1,-15.410095104543013,-12.89964012630783
RAC1,-19.39037309867408,-13.017631572407995
TAB1,-16.00344020020328,-11.971564791770449
PARS2,-16.730345630945557,-12.894908895503935
HNF1A,-17.012842904762657,-16.561181162164633
NFKB1,-19.454946921702483,-12.07681751150802
KEAP1,-17.197421411716153,-16.51592116498529
GABRR2,-16.171428812968372,-11.81165648194067
AGO2,-16.7251003551479,-11.953912492337697
TUT1,-20.299087484244257,-14.991138412766576
TAPT1,-20.359406843439196,-14.791780630079593
POLR1C,-18.738679468174023,-14.620811031462045
DDX27,-19.47913568621066,-14.898526750629324
WNK1,-20.095032247116773,-15.191150807795523
CDC37,-18.012927361186772,-16.366495277225287
RPE,-20.431729365019585,-14.289783021356111
DPEP3,-20.13743949480263,-15.230384532632945
FEN1,-20.08824182883126,-15.17054359094281
COASY,-20.535363584820157,-14.333607394684755
RFC5,-19.565448608227435,-14.944276834859558
EIF3M,-19.51966667849933,-14.979938257762807
SSU72,-19.513544087263565,-14.849217468793611
SS18L2,-20.106369832159366,-15.196102090900437
RPS25,-19.37369465039206,-14.962600589783632
DHFR,-19.47078648073612,-14.922167743558918
TRRAP,-16.550674984785157,-15.344077061335463
CCNH,-20.626733357640628,-13.716855627930254
TPD52L3,-20.03809852105372,-15.368184110502218
MCM3,-20.041131047513364,-15.195999323208015
PABPC1,-20.446521634693053,-15.64309662452609
TAZ,-20.512514409397454,-14.329342897591502
ERCC3,-20.465610868416487,-14.066735684573155
AHCY,-19.853864929965688,-14.978150878760978
HS2ST1,-20.064063350412486,-15.285216387815295
TPI1,-20.551571989169062,-14.363569343679234
DHX37,-18.697199696737712,-14.423043690632118
ECD,-19.865925587790265,-14.952105714310276
HNRNPH1,-19.85723144247687,-14.50906234262871
MFN2,-18.710129911687602,-14.517356325897383
TINF2,-18.89369938807154,-14.62534857908587
RPS6,-16.113612360172425,-16.78601446235804
KCNJ4,-19.964509035649986,-15.416774322508902
QRSL1,-19.85227988700356,-15.419437488243585
WDR83,-20.318113325359253,-13.8078798534471
CCDC174,-19.967925362818185,-15.01572567243951
RAB15,-20.047887326651892,-15.24319980788504
WDHD1,-19.761332800174873,-15.777422554619351
URB2,-20.75799076240579,-12.900565161027611
PHB2,-19.130403020741994,-15.65338657730933
SUCO,-19.84924089567803,-15.810657274802228
CDK12,-19.200365159409312,-15.727576923373135
RAD1,-20.37921570863106,-13.90153732705303
ODF2L,-19.650773165329973,-15.212340182593538
SEC23B,-18.961976234843473,-16.58179844078605
ERCC2,-20.374534665411108,-13.547384749233611
ZRSR2,-20.900118657111854,-13.792116262121459
RECQL4,-19.231447055333636,-16.215837393124243
GEMIN4,-20.84119539106097,-13.777544218846105
NAA10,-18.9943741054333,-16.586408456147318
RNASEH2C,-19.817572019944727,-15.420702881666806
MRPL41,-19.8473062688169,-15.451857580336569
RAD51C,-19.566684782046394,-15.763101327014896
HBS1L,-20.350170316079286,-13.820374461594277
PNPT1,-19.832510953794397,-15.43676331264707
NO_SITE_162,-19.76962958082721,-15.51780349415679
VMP1,-17.266008357769476,-17.267116741075075
EIF2B2,-20.426032452677582,-13.917593015775871
POLRMT,-20.380868502322325,-14.403240434544607
IMPDH2,-16.080199358051104,-17.15092791019993
DUT,-20.489486087993804,-14.083602612699751
LUC7L3,-20.884680017384934,-13.81546951512015
TARS2,-20.31508714434777,-14.437035723342548
EXOSC4,-20.668039519108838,-14.005366548170015
IFITM3,-20.60068997685096,-14.203851666387713
CD180,-19.68806741569978,-15.538070340754615
XRCC3,-19.51450395587027,-15.845535661897921
SMC6,-19.365738240698484,-15.556335295008362
TIMM17A,-20.016113652379637,-14.87000766960957
HUWE1,-16.084138250834908,-17.136802676447797
MAD2L2,-19.506899511518736,-15.870392316753378
ABCB7,-20.0389698562658,-15.659112745546865
MIOS,-19.219276981704976,-15.455946587871324
UGDH,-19.808229989029623,-15.484640353882012
RAD9A,-19.61291670232691,-15.657628563920323
MCMBP,-19.701330334738266,-15.588696783420053
GLCE,-19.706188569931673,-15.453468899799702
NCL,-19.874944100807568,-14.514493824437809
GEMIN8,-20.920250772666634,-13.809799153074703
SRA1,-19.182900043939696,-16.21709020254954
GEMIN7,-20.067810803272344,-12.022474537071467
CTC1,-19.35185926497542,-15.413189295773586
POLR2L,-19.532732195301225,-15.218284909107533
ARMC7,-18.98273363217466,-16.59143332378771
CCDC84,-17.38404732451772,-16.83880784996662
SEC24C,-19.509432212641443,-15.848032754069411
IARS2,-20.565954456849187,-14.074642905091787
MED19,-18.851681118021194,-15.479706153291549
URI1,-19.349078773611797,-15.468688584845696
MRPL10,-19.82539165512052,-15.002049429041891
PFDN2,-19.11650410500067,-15.908281913257703
NO_SITE_120,-19.849816280285385,-14.961519845243672
NELFB,-20.87995800339127,-13.895228232098829
NO_SITE_79,-19.337654445410067,-15.44231667914827
CHTF8,-19.51018280082146,-15.659050867230285
CCDC114,-19.871057386745473,-15.467699220072138
POLD2,-19.991353798724823,-14.858362361068382
GPX4,-18.975547028969636,-16.61314137978342
TBCD,-19.16114403562627,-15.683622774720087
N6AMT1,-20.10334752614049,-14.542393540528204
MRPS18A,-19.09294061795939,-16.037374210379184
STARD3,-19.36915140113093,-15.685519826726425
PRIM1,-19.37019448432698,-15.732499132013197
LSM6,-19.52846131750047,-15.201452199209662
MYC,-16.171623367240464,-16.801603707317696
LYRM4,-19.66205999692381,-15.585874739051533
PSMG3,-20.934803761854802,-13.701589765265073
NOB1,-19.229534387159916,-15.696446038635916
RFK,-20.589745851160508,-14.091289587295336
BRF1,-19.477045294162238,-16.01344213955378
RPUSD4,-18.86068806976059,-15.472849731952898
CHTF18,-19.885076245326037,-15.38632119104485
TSTD1,-20.022749228765104,-15.58019188685759
HARS2,-19.77115805968072,-15.487910572536416
TIMELESS,-19.60631783018463,-15.871867459477615
SNUPN,-20.307502495495374,-13.417100515690176
FAM131C,-19.69981847660585,-15.46112993555935
CD320,-19.83725851587742,-15.496917738599723
HUS1,-20.74186093384335,-14.038253160787237
TAOK3,-20.01176042453988,-15.621179838860877
SSRP1,-19.335146313771105,-15.686886005829216
SNRNP25,-19.238303948101628,-15.805739679868504
DHX35,-20.7545679036772,-13.91081146646535
FAU,-16.301056059974858,-16.840696807258105
ANAPC11,-18.984165889004768,-16.58416538032113
KTI12,-19.995688825248713,-14.713500766913302
SLC6A5,-19.499520655945926,-15.704295269855294
SMC2,-19.285360185865247,-15.730317615516194
ANAPC2,-19.99140036339693,-15.601020804954256
HS6ST1,-19.215186542459126,-16.274420242203032
SEC22B,-20.33902896218472,-9.650268033501245
STAT1,-19.927416771186728,-9.825783639475409
CD300LG,-20.019255794961982,-9.905459554737709
NAPG,-19.96350008350511,-9.957356955162886
PAK1IP1,-21.949014204809757,-11.712087633686112
FCHO2,-19.984382057740444,-9.86568676098715
DBR1,-21.724057325501864,-11.873370862707636
SMARCA5,-12.12967706586049,-13.220005981335232
UBQLN1,-20.3519790399232,-9.601491126163188
VTA1,-19.742287620529147,-11.288311508131196
CLK3,-18.332531527984386,-10.71228261782963
KDM2A,-18.358787959797088,-10.736928383847335
CCDC93,-18.802593020528143,-11.525182345190677
MYLIP,-19.756231546577272,-10.031803153500519
LDLR,-19.714502746287266,-10.061166328048008
MBD2,-18.981935863835865,-9.67307945682994
MX2,-20.019032008438533,-10.088809726426767
GABPA,-18.443485064814386,-10.754136211422363
CNNM4,-21.034284855677594,-11.585013359161836
POP4,-21.328500390519643,-11.80202627863562
PIGT,-19.671464042467914,-11.117312686746834
CDK9,-19.992269277949216,-10.134040538922669
CLCC1,-19.69373105177909,-11.246011067352816
PTBP1,-16.705216935432876,-16.90141084158784
PELO,-19.274081658769784,-9.811417853634378
PGP,-19.72550425213058,-11.062603111047505
PRRC2C,-19.74067295419412,-10.094668881680274
NMD3,-21.602318274156236,-11.895495344999272
VPS41,-16.468104306402264,-13.806543829501521
FARSB,-19.992244588392783,-10.159473569483447
CARD10,-19.46625495030137,-11.894897684365837
IPO7,-19.967252481595516,-11.501780051184488
SLC25A28,-19.40228304855396,-10.443137497910826
TMUB2,-19.870298535910525,-10.374637706494212
COMMD8,-18.934175164991796,-11.51731983996789
SPPL2C,-21.047667790259503,-11.439066254968678
ABHD3,-19.237486363887733,-10.473215591331295
FCF1,-19.141087369025225,-12.269227432369775
PSMG4,-20.171467925223048,-12.274122064358735
LY6E,-18.944571618429165,-11.552509700407578
XRN2,-21.623748686844195,-11.80766750988565
COPE,-18.810079549084108,-10.350120008612382
NUDT21,-19.42243424134556,-9.997353412369948
SLC39A1,-19.004018060769845,-10.347195599078466
TBCB,-19.887720365165908,-12.126482578164074
NR2C2AP,-21.050181310009776,-11.399805738912333
UBAP1,-12.349292417810505,-13.081465148652999
ALDOC,-20.292314215354327,-10.993943085110343
TCAP,-18.94369634315578,-10.422130319591197
UXT,-20.155407211321638,-13.154630510248092
OPRK1,-19.179540324027887,-10.443588977117967
CHMP7,-21.11393923089652,-11.528746059582138
MOSPD2,-18.78393779583644,-10.301794778534976
ARL5C,-18.12870192443532,-10.227248271489026
CTSK,-19.239034329308808,-10.509401337706711
PYHIN1,-19.240242374988252,-10.489142875828287
FOSL1,-19.556206282902767,-12.323219278241186
PPP4C,-20.07033321776472,-12.086342813869496
SNTG1,-18.879796692874034,-10.317425339273532
MAP3K14,-19.434643907691164,-11.38698315858513
SLC25A29,-19.407038870498738,-10.32491865584314
ZNF148,-12.93869462230874,-12.39476544719516
TADA3,-19.414708400242464,-10.050891945417632
HSPA1A,-19.39831377934939,-10.576961932974674
EXOSC7,-21.33131516591867,-12.487216791614218
NO_SITE_344,-19.243633211942964,-10.521715504710242
MMP16,-19.246858732893248,-10.619639986297834
VPS26A,-18.88912712550634,-11.582177178003523
CCDC22,-19.51164561758049,-11.4887045081364
HDAC1,-19.473970150821835,-11.153431929971024
ANPEP,-19.414675085680145,-11.376625254403695
TTPA,-18.19891904313243,-10.162732042997126
PAK4,-19.310704791644305,-10.491811617141973
PIKFYVE,-12.742387580664232,-13.256558075030759
IKBKB,-19.084811269138306,-10.983620495294184
GNAT1,-19.439515915884016,-11.08124333424199
CBFB,-19.139893199641314,-9.773879078063263
TRAM1,-19.640148835052678,-11.233624027292908
TFRC,-18.9145956656808,-11.119438891696484
AHCYL1,-12.853412752255382,-13.245035006664946
LRRC63,-18.826504845125758,-10.580915584367151
ICMT,-18.874144151223003,-9.850897847613961
RPL4,-19.544872044125132,-10.603485374574316
SNAPC2,-18.948143760707644,-9.85149300368637
DKC1,-20.34945643067912,-12.388885640394108
NCKAP1,-19.060847306126064,-10.517987421555906
TBC1D7,-18.54047623327933,-10.735719596965698
MBD1,-18.803006297777884,-10.367884571419323
EIF1AD,-21.453751239999388,-12.245017585879447
FER1L6,-18.861500683185596,-10.625649588536218
CNOT10,-19.035958689371668,-10.598686674623508
RBM17,-19.019481995997136,-10.619956480629645
PHB,-18.915550632327882,-11.113190062677246
NEURL4,-19.010954807658933,-10.400831770896945
SNRNP35,-16.651564453286372,-15.471309126611633
CTSD,-18.206355933240307,-10.216136843879157
RAB7A,-19.201163509570584,-11.736070956092437
XRN1,-19.661889714066255,-9.545261689877545
DDX20,-19.063442671077176,-12.080462763530228
USP8,-18.172624199104465,-10.230591356400065
CCAR1,-19.978730844240637,-12.522966209808011
TM2D1,-18.754769114090482,-10.350568754811656
SOD1,-20.0398514900511,-11.838930768873158
TNPO1,-20.07111571551775,-11.954274138528703
UBE2H,-19.039440726393032,-9.74147273863985
PRELID1,-20.47892273645204,-13.80071754225926
CPSF6,-19.39417213595701,-10.316129958958122
NAE1,-18.978688037080587,-9.776189633517426
NCOA4,-19.048162450142723,-10.487919459087445
UROD,-20.041894618209522,-11.807315955355762
HK2,-19.128481318556346,-10.908856997949448
TEFM,-19.545557423040812,-10.625570254917944
SCAF4,-19.020258314326735,-11.359416360740711
DNAJC8,-20.361371053141227,-13.247210582323731
CAPZB,-20.319171184054635,-13.39202963671431
DPY30,-21.281867804256287,-12.472445282757144
IPO13,-20.25372169552162,-11.230298282626316
PRPF39,-18.982104751964332,-11.575772453784015
GTF2H4,-18.721304386491855,-10.898865015048786
TRAM2,-18.764518286240822,-10.250001530703736
DOCK5,-18.457958288895295,-11.411337694123958
TM2D3,-20.477825047856896,-11.195181380006924
TBC1D5,-19.519635624604124,-11.418327248290579
SNAPC5,-19.44747717926875,-10.775199528317733
DENR,-20.695290130718274,-11.553964568472503
CTNNBL1,-19.900985642563786,-10.555763348489709
PCBP1,-19.334082059513502,-11.092540700265955
SPNS1,-18.983207484493295,-11.592840155980344
BCAP31,-19.467255413323926,-11.094068414078343
USP14,-19.942007332648583,-11.802215370762145
SLC25A3,-20.0354633964807,-12.127722138481987
CFC1,-19.126292793819584,-10.518487361085421
NO_SITE_193,-18.926920744228678,-10.341074293671163
ATXN2L,-19.66249383964091,-11.985926915745983
UFSP2,-19.573655692616978,-10.389813204379777
TRAF3,-12.115940377733542,-13.248948040774243
STUB1,-18.84086766844593,-10.60883670343917
COMMD2,-18.947416640872206,-11.517007398451948
CD2BP2,-20.2558548309279,-13.232319563199718
GEMIN6,-20.278721057348385,-11.33456945960767
PPP1R8,-20.4051027451526,-13.398084653045155
TMEM50A,-19.071714548807446,-11.01714044875089
NOP58,-21.487249175120727,-12.476585702562847
FCRL3,-18.663363420177795,-10.2735668755239
ACSL4,-19.524066885382954,-11.964059961079467
CWF19L1,-19.341654585071172,-11.124657426620416
CCNE2,-19.40462452112163,-11.336898179364688
STMN4,-19.4936615252732,-11.988426208029477
NO_SITE_40,-18.925001106224624,-10.281233729598537
AP3D1,-19.143844114824653,-10.237678530791435
COMMD10,-19.414065807744013,-11.170054366914048
CTU2,-21.225824410238758,-12.38075005831666
GTF2H3,-19.382876934974835,-11.007450531586683
TRNT1,-21.363051571509725,-12.473491524788393
TNFRSF10A,-19.401970286182593,-10.701075935134408
UFM1,-19.95444445349314,-10.571622722429558
TIGD5,-19.432257130073786,-11.025010278350587
TMEM259,-19.91428920531867,-10.902197779496795
CLTC,-17.40664842790786,-15.199255505296753
CLTA,-19.338872725617477,-10.82156385589682
PTPN23,-18.083556016049926,-10.185874029096016
CHMP1B,-19.195627015633427,-11.720717661079386
MAP3K4,-19.89813243299763,-10.589689363648398
G6PC,-18.271901552134267,-10.22842491784555
PIGM,-18.78357439650773,-10.012897514533439
NDOR1,-21.01169402680343,-13.25071942242552
CHUK,-19.438514529885357,-11.391669982867317
TRMT6,-19.447655709738463,-11.938368348067959
DUSP23,-19.15848241387591,-10.484864902905345
PGAP2,-19.034646089311188,-9.922675973111454
ARPC3,-19.51315628294672,-11.377321115574354
AASDHPPT,-19.12199737248576,-10.549555404037008
PPP4R1,-20.22836318994013,-10.966567040967922
PPIE,-20.038131626604372,-10.628639381549256
TRPM3,-18.36624044295284,-10.282246941177071
BAK1,-18.99235696945993,-11.07217471648297
RPLP0,-19.600359057742747,-11.004464570030573
PSTK,-20.042968618651418,-11.859461999697505
CLNS1A,-18.87679692065372,-11.535400967647554
COMMD3,-19.048354351240548,-11.467391385999164
SP3,-18.53699104919458,-10.281951133689901
YPEL5,-20.028895037386743,-10.660147418721929
DIO3,-19.145679574710126,-10.44089321225342
EIF2B1,-20.115017430662352,-10.950467954314979
ZP2,-18.948495572153643,-10.519065208865255
SMG9,-18.357510002229205,-10.209520156704789
INHBA,-19.312833327770278,-10.913091160296258
KRI1,-21.19702100480341,-11.06084735600176
ACO2,-15.68836597853751,-13.992807661759976
HS1BP3,-19.36889475101874,-10.816312214105604
PCMTD1,-19.81732153076446,-10.799677145699274
SMARCD1,-16.75183827855155,-15.409384370912043
DDRGK1,-19.38207562452632,-11.356988136984759
CD9,-19.362927511328902,-11.354477152471134
DDX21,-21.525189277439026,-11.009351229596492
SMARCC2,-20.25264826614345,-11.27410660249582
TOP3A,-20.57922378043713,-13.410428200042809
TNIP1,-18.926895854505073,-11.896781171866564
CD44,-21.986569020319088,-8.335329429325235
ZNF536,-21.91360801187617,-8.423535965528233
DDX3X,-12.44729244978007,-13.610608314116952
TP53,-11.557604077281454,-12.854181287385293
CTSL,-12.54522092074072,-13.484703813865393
TLK2,-11.627182240892123,-13.110023856247203
DAZAP2,-12.569248124680207,-12.381050479176535
ZBTB26,-12.068954496381261,-12.28827888833285
ATMIN,-11.608890200711512,-12.912608057211157
NDUFAB1,-12.87080249381196,-12.357157728017581
FANK1,-12.505667137924359,-12.218849040330396
UBE2M,-11.646007785719128,-13.173822685938974
UBXN7,-11.846733441095417,-12.791521241234584
KMT2D,-12.578448386868631,-13.488459014742569
CTRL,-12.450500739643074,-12.25444302212422
FBXO42,-12.57510962358154,-12.278966310934878
ATRX,-11.599083230842997,-13.149548947567471
SH3RF2,-12.157077352855465,-12.277483852498312
ANKS3,-12.083215196519301,-12.236361494396217
STK40,-12.095458855866077,-12.267896517334608
LZTR1,-12.394584826544987,-12.17459549085842
CHD7,-11.744647466970052,-12.699778222097589
RAD54L2,-11.557704049458025,-13.114156359479505
POU2F1,-12.887360101540628,-12.425450183342777
SNX27,-11.600626873202152,-13.251595774015511
CABIN1,-11.639129535737275,-13.023016360149043
GNPNAT1,-11.882661514664191,-12.601110654596397
SMARCC1,-12.524999763750523,-13.793949413018728
SLC35B4,-12.454298910865367,-12.175037320082286
TMEM208,-11.83916574802499,-12.599738524111972
ACVR1B,-11.613642465553713,-13.137218417421726
ADAM17,-11.581665601734189,-13.249438198154932
CCDC6,-12.301477710162857,-12.12576951776913
ANP32A,-12.304031400063478,-12.218846805434623
NOTUM,-11.85185398575442,-12.589677080945423
MRTO4,-12.334636345346079,-12.300334725983385
KDM4A,-12.065688286215831,-12.255105262371291
CDH2,-12.312655092666754,-12.244213698016368
PPARG,-11.588310130477115,-12.975591569779485
TRMT10A,-11.870231011134594,-12.593033829530295
ZMYM2,-12.03985428472064,-12.632125758106483
CSNK2B,-11.570361771366148,-13.197360310809751
INCENP,-12.349817090674815,-12.159509833782884
ASB7,-11.984008449921664,-12.6881150550104
PIAS2,-12.324445309091338,-12.216002799049107
RPS13,-12.890687279840522,-12.44382289366898
PPHLN1,-12.2437017944069,-12.584530885300234
FUS,-11.860261221748965,-12.641501673263189
MAGI1,-12.322181719272143,-12.161195890757405
SRCIN1,-12.28529899037111,-12.194058657549165
RALGAPA2,-12.136290888313626,-12.1866711063367
CD74,-11.89161818381695,-12.5468672643731
HAT1,-12.177726677082882,-12.197970958801761
UBC,-12.08803682363142,-12.279064295871919
KDM3B,-11.710040644825389,-12.676643315880526
NUP155,-21.122197634671924,-9.422228887156836
RAB6A,-21.13528680434286,-9.412538626040437
RPS12,-21.14331637200054,-9.406843489111612
RAPGEF1,-15.240383439721084,-15.467233779673434
ATP2A2,-19.301354362207565,-15.022406672794306
COPG1,-14.992098336344513,-15.433851719374019
PRKAR1A,-15.17503797986711,-15.502489154942914
SF3B3,-14.109920061800315,-14.646811531621383
SPIN1,-14.682679252466787,-15.38463589365142
UNC80,-15.484611348396086,-13.925952472654329
RPS5,-15.607341412125503,-15.400908354313552
PABPN1,-14.736951073495842,-15.311007693942514
CSDC2,-14.84345749649944,-15.312404734249936
TUBGCP3,-14.921006096584007,-15.40963748841137
LCOR,-15.07175747631673,-15.380217906196371
CDKN1A,-14.774062935835683,-15.381107885477325
VPS37B,-15.096498911135985,-15.335828620274906
UHRF1,-15.651649027897106,-15.419096359202667
CDC45,-15.576442367022109,-15.395694317386264
ANKRD26,-15.879157855275725,-13.906268647249213
RPS27A,-15.201435650535545,-15.555285908678362
TNPO3,-16.227057961850594,-17.085413500658415
RING1,-15.007157786319365,-15.013715672090736
RPS14,-16.377422103571547,-16.88279648535974
KLF6,-14.950542650902582,-15.492335163966587
UBL5,-14.940779018080011,-15.654742738192033
DDX59,-16.423972907941984,-15.538212489767325
ARID3A,-14.928257513229786,-15.107163932902157
NUP85,-15.385138834042937,-15.878512844598363
UPF1,-14.978376526446946,-14.664449103927998
POLR1A,-15.635869805530282,-16.24922667411232
SLC25A39,-14.952370359508627,-15.060328174239773
HOXB8,-14.164537721305003,-14.49978977144511
TRAPPC8,-15.971765313681969,-16.966852836487515
TSG101,-14.917567337251006,-15.774247921001015
RBBP5,-15.898550225589247,-15.412729748532744
NSUN7,-14.990466672869891,-14.847994788104689
ABCE1,-16.123240004447766,-17.10716589880962
FABP5,-14.885829631474815,-14.634975878874979
EIF3A,-16.046371483370663,-15.006036337226597
NUP54,-14.036588422701797,-14.565173250738297
SAFB,-16.076662113352555,-14.298793608068427
TLE3,-14.856708920235235,-15.740228745287999
RPS19,-15.385444308834394,-15.834370712832303
NAPA,-15.060440032643625,-16.109777510894496
ANAPC1,-15.926029378743024,-16.78343995143225
GPR62,-14.796756440957726,-15.814812048451305
VWA7,-14.779484176216744,-14.398172475346495
ZCCHC9,-15.61757833929321,-16.28432451256608
NEDD8,-15.610011308909908,-15.405622195661802
RPSA,-16.05962745407956,-14.93568619490293
RPS2,-14.954400889653472,-14.833655449642205
ZMAT5,-14.879570932030594,-14.421432532929693
UXS1,-15.991114987878122,-16.813961108748174
TNS3,-15.162201433435206,-16.16113503312784
G3BP1,-16.079388849764563,-14.302640771557003
UBE2E1,-14.902933549552742,-14.859352585035886
INTS12,-15.450240385132638,-15.514043601142163
SNRPD2,-14.579355408163952,-14.502906596817864
RRN3,-15.470332483354076,-14.264655939556238
MPG,-14.798053661971112,-14.400916780291048
RTP4,-14.557758978947877,-14.799754006483512
EIF3E,-14.14048047644015,-15.024993424172996
SF1,-15.984700078592288,-16.946409449745587
RPS17,-15.395056755988426,-15.162225005493301
JMJD6,-15.647646969385097,-16.200817090924204
ASCL1,-16.426526353188237,-16.89566550940514
EPB41L5,-14.695718211155413,-14.305115170612167
TIMP3,-14.794206231112451,-14.43322795302788
DNAJB6,-14.634592862750832,-14.725709846144795
RPS11,-15.649923963557132,-16.231689969311144
MPHOSPH10,-14.903236030653918,-14.408990998674483
DBNDD1,-15.55144086163701,-15.245310701357088
PPP1R15B,-14.731881367783654,-15.820211882319246
EIF3G,-15.44766860797565,-14.413207980041568
TRAPPC11,-16.065435889399236,-16.825792294475395
CTDNEP1,-14.749441184022412,-14.253596251013244
EIF3B,-15.995383152018055,-16.82006061524018
KRAS,-16.58832071068847,-16.938298297786556
FBXO15,-14.669160699959956,-14.294366259295094
SLC2A1,-15.212966888566397,-15.827380056507208
IFT52,-14.407764118260909,-14.474433466333311
EEF2,-16.575506709924994,-16.949520862931415
DHDDS,-14.062728679934485,-14.548225084408415
RPS8,-15.945867544696311,-16.863905511384708
UTP3,-16.295768705774503,-15.211057259587959
GSE1,-15.767851868985437,-14.649286357490526
ETF1,-14.918665315153813,-15.762204160914049
RPN1,-15.544160766085913,-16.217666531553327
PDCD7,-15.538852048561917,-16.241861744126723
RNPC3,-15.222308772445517,-16.05586695073613
IL1RAPL2,-14.45160291491309,-14.346384291017412
SRSF1,-16.178356387532187,-15.106529467217687
ZNF207,-15.172159766310209,-16.189479390442916
PPRC1,-15.375811872764666,-14.556833957847083
ANKRD24,-14.542480803682418,-14.768739894786323
RPS29,-15.751281424946795,-14.762882264307338
DPP4,-16.494606329277754,-16.91466555164997
MIB1,-15.774901176882782,-14.836513334260394
SF3B5,-15.79078987715728,-14.697331306663578
MAPK1,-16.61401894485284,-16.785717640360893
ZNF479,-14.725236328235308,-14.200290554052838
U2SURP,-16.174545367284214,-15.016299198883482
RPRD2,-16.586041719123767,-15.365171057813466
ORC6,-14.90876926636965,-14.589991631424901
IMP3,-16.444532333935456,-15.24432736569291
SSPN,-14.669785535382946,-14.399137615541669
RBM33,-14.736387160052551,-14.766821064799718
USP7,-14.264217471918991,-14.494145640200742
VPS39,-16.16832478969527,-14.922481440684775
TAF6,-15.693341592540175,-14.873161692877307
OSBPL3,-14.75423398403154,-14.374374805468102
HSF1,-14.079176854614802,-14.90049329464309
RBPJ,-15.133552337158074,-15.076817685354495
ARIH2,-14.544372104288314,-14.647166865995755
RUNX1,-14.978198350126986,-14.374354502900818
HNRNPC,-15.491849787799694,-16.296960571337724
DHX15,-15.919767197038471,-16.738769893801987
BOD1,-14.675158630749175,-14.344657241052118
SMC1A,-15.191475086274693,-15.821417122342726
SMG1,-14.581698976756263,-14.797085845603473
PTPN11,-15.342562334303345,-15.023209847721448
NO_SITE_654,-14.594382278595743,-14.704844293311957
FBXW4,-15.012210475234088,-14.915779037120911
RPS16,-16.658190224250234,-16.860146503713132
CCND1,-14.26433712852998,-14.514822567954704
LRP1,-15.612607447400112,-14.860322657045053
HES1,-12.519855041268299,-13.785341217859056
PER1,-14.612747425653385,-14.940495885466213
RPS20,-15.93638504943666,-16.829711881834164
RPS9,-15.590275448740535,-14.746361376170217
SPTY2D1,-12.578223829695983,-12.135970469119204
USO1,-14.688743447863832,-14.875672789376129
CERS1,-15.130311771077606,-16.16940607605488
ACTL6A,-15.527012756442947,-15.296193746934586
ACLY,-15.127450812542797,-16.18677173008994
YLPM1,-14.060092420581748,-14.593151515097734
KLF16,-15.12222774527814,-14.99162457993383
CTDSPL2,-14.633649681249409,-14.741314901128602
SCD,-14.95870496535922,-14.799392137039602
ZC3H13,-16.179084099775597,-14.929540488961994
U2AF1,-16.47863793455619,-16.810105950170456
NUP62,-14.92412611400275,-14.745365513396676
INTS1,-14.638433538869478,-14.408388293795749
TSC22D2,-14.22020067683646,-14.448307116545278
ITGAV,-16.55432187821585,-16.8130754232016
KIF5B,-14.607031069456006,-14.719609328285287
DYNC1LI2,-14.907611337097345,-14.368775780224325
RAD21,-15.209261112530985,-16.225505487335365
RNASE7,-14.639754886483871,-14.451702746766774
PHF5A,-15.523257604128677,-16.32825876254038
SOX2,-14.340282176312401,-14.53486214706546
NCAN,-14.461629079583798,-14.317293936533314
CNOT7,-15.20162940063439,-15.20125624370233
KLF3,-14.626481918683943,-14.87077118785131
NPLOC4,-15.12705591732824,-14.825257193561406
CASC1,-14.56390328687878,-14.755881303922234
S100G,-15.001591522822611,-15.043066359432817
ZBTB17,-16.31791076832661,-14.743078311189356
ATP2B1,-16.460500805443388,-16.828458103586037
FBXL14,-14.6716955147743,-14.833538408536896
ACIN1,-14.753120239734805,-14.804013246140228
CARM1,-16.633896893516038,-16.820101129967277
TTC21B,-14.110103518896599,-14.556605669141332
FKBP1A,-15.499153864201793,-14.872281234141813
ARL8B,-15.129677193039562,-9.345509867814977
ATP6V0A2,-15.447236224710712,-8.754409127624204
ATP6V0D2,-19.253945372743722,-7.294956017403333
ATP6V0E1,-19.21287067283633,-6.74079356803927
ATP6V0E2,-15.881881001564363,-9.090837454552286
ATP6V1B1,-16.219533812440815,-9.339834538686313
ATP6V1C2,-15.012095369396624,-8.860133996854396
ATP6V1E2,-15.427864267027637,-8.80696430022083
ATP6V1G2,-16.025777762048936,-9.285498017434566
ATP6V1G3,-20.469476922980927,-9.194277969409148
EIF4A3,-14.930189036852301,-9.0002109874918
KIFC1,-16.073461022050164,-8.836199029736255
KPTN,-16.034454288115768,-8.862031384073207
NPRL2,-18.59275853212429,-6.902844877106579
PPP1CC,-14.884368546979486,-9.181133819209409
RNPS1,-15.356468156627031,-10.25577873895093
STX5,-16.9499076694223,-9.046165536466926
THUMPD3,-14.727281838167782,-9.184336575489331
TMEM17,-15.598862455790695,-9.106926477600386
TMEM231,-16.06841957455365,-10.0898177113875
YWHAZ,-16.358397317791887,-8.995706888767796
BMS1,-19.357880918367847,-15.428851367271497
DDX18,-20.094377560031095,-13.067788439331553
DIS3L,-16.372186264895976,-9.54109265746938
EMG1,-20.432415922550806,-11.809474981724021
HEATR1,-21.36480841365642,-10.599184840113713
PDCD11,-17.86486596526114,-10.470049871324413
PNO1,-21.79702631983089,-10.897356851236083
PWP2,-15.358906262976793,-10.148516145861434
RPF1,-21.058985233641003,-9.041915146317582
RPP25,-15.348727671234757,-8.74373650931539
RPP40,-20.463392555052863,-11.561235891113435
RRP36,-16.49953559115391,-9.296939516044997
SENP3,-12.501565010383995,-12.222261115919506
TEX10,-15.99210822138774,-9.366273940122111
TSR1,-16.0959247109354,-8.876849682994564
UTP14A,-21.203039575996332,-10.63691612424867
WDR43,-17.51097229739628,-11.103529803486207
WDR75,-16.819995772674815,-8.846610471773474
ALDH3A2,-16.12095662341365,-8.787949941381356
ARCN1,-20.265341551667223,-9.333669034123506
B3GAT1,-15.82823631445738,-9.641161201319836
B3GAT2,-16.919355589819194,-8.959712738718883
BET1,-14.70429661708551,-10.161938494782381
BET1L,-16.84466038646108,-9.275520109499775
CD59,-14.652289284616009,-10.188089356308828
CHM,-16.9599448860935,-8.962558102323019
CHML,-15.258518482328078,-8.574713518644552
COPB1,-14.841663775175581,-14.234445928349437
EMD,-14.77252755995869,-10.167592138261986
GOSR2,-21.30884688392015,-9.316844248029815
NAPB,-14.984432486852048,-9.11996791567404
NSF,-21.48356267022345,-10.624684146736437
RAB1B,-20.49602490019702,-9.058096718733362
RGP1,-20.325191928758283,-9.205592951591768
SCFD1,-21.030502868146932,-9.01339329302379
SEC23A,-14.912566582800006,-8.910269927817675
SERP1,-15.11400431269959,-9.822692498473838
SNAP47,-15.4199866853667,-8.722015680837648
STX11,-15.57743574650614,-9.292065410858372
STX12,-15.83369655601626,-9.12163487385895
STX16,-15.497207864326077,-8.87604065673121
STX17,-15.050296238256218,-8.867595218641906
STX19,-16.446096655750903,-9.35458211977841
STX1A,-14.51145765638087,-14.277114791661175
STX1B,-16.869549672258568,-8.975252210599763
STX3,-15.572231520080972,-9.238933744781223
STX4,-15.50568595546674,-9.931463587351992
STX6,-15.568933665187387,-8.841295986491382
STX7,-15.244539360558667,-8.518768230476358
TMED10,-20.405695511185783,-11.78793200149163
TRAPPC10,-17.86309283355079,-7.885680524176262
TRAPPC3,-15.184845406255286,-10.448030202112053
TRAPPC5,-14.997180025130223,-14.701155707223322
TRAPPC6A,-15.572115176971701,-8.697052160797838
TRAPPC6B,-14.97264502647102,-8.589553217267403
TSNARE1,-14.99569584766395,-9.672653134849169
VAPA,-15.11496730157982,-9.386685636084168
VPS45,-15.096048473828334,-9.339792796558507
VTI1A,-14.840436189796861,-13.42270473531696
VTI1B,-16.127908838709153,-9.31811430708481
ACTR10,-14.861105719768192,-14.272657003405726
CAPZA1,-16.616234389159107,-9.542550128729589
CAPZA2,-14.936120242550318,-8.941474901482552
CAPZA3,-15.402288984198313,-8.564135189887313
COPB2,-16.600876086017408,-9.56557314416498
COPG2,-15.000796401759786,-8.856972685498478
COPZ2,-16.87513724852206,-9.180756499161635
DCTN4,-16.330967938420773,-9.498715105835943
DCTN6,-19.848665666641278,-14.509316461045326
ELOVL7,-15.176039713855642,-8.78718295448131
FAM20A,-15.82288156944618,-9.633806527644857
GRAP2,-16.96500941018979,-9.12334048665601
KDELR1,-20.17140101790592,-12.226464337383662
LCP2,-15.69918599375308,-8.705575289336599
MDFI,-14.906169593931589,-8.976259589702465
NCOA1,-15.335914587258161,-10.310239061733341
NCOA2,-20.03682721160159,-10.934310898098897
NFYB,-15.44800024741063,-8.560301765658439
PPARA,-16.148602584533606,-9.372733824570672
PPARD,-15.000957935649113,-8.969955441449294
RXRA,-17.196237074237306,-9.22714729498955
SEC13,-15.440898810435113,-10.4889320205245
SIX5,-15.991675616542281,-9.985919893608079
SMARCD3,-15.76315973431618,-8.99942007258639
SP1,-14.598626196797841,-10.2798641133743
ST3GAL1,-15.31453306480645,-10.429289070321325
ST3GAL2,-19.373803678843863,-7.517694020220827
ST3GAL3,-17.015927342247345,-9.116997927082146
STAT2,-16.855380845691233,-9.718881226942939
TBP,-13.144989416996653,-12.513485483781865
TCF12,-15.287108723931482,-10.283037217089118
TFAP2A,-18.216685929878327,-10.232443930188719
TMED3,-15.479250158056614,-8.730005339838947
TMED7,-15.055109763035828,-8.890909807577836
TMED9,-14.323034330141596,-10.460989286991568
USF1,-15.566262441915553,-8.729693355815153
DNAJC24,-14.578826207210966,-10.50406956285653
MAX,-16.00918249986883,-8.887201469267922
POLR3D,-15.70910847495477,-8.894230840723006
POLR3E,-14.716553750255619,-9.959400836102295
POLR3G,-15.451762504786537,-8.421510492690679
POLR3GL,-15.103883130287041,-9.702822878162172
SRP68,-22.08439523239767,-14.992775387502535
TAF1A,-15.495902458034049,-9.160315929963485
AFF4,-21.325603255720733,-9.226840589502139
BDP1,-14.662666701534777,-9.986300271873613
CTDP1,-16.12210463906435,-9.333021120351688
DDX39A,-15.708255896674583,-8.951211002121665
EAF1,-17.219345177716438,-8.918680586779999
ESRP1,-16.986210299188205,-9.199502681965658
GCFC2,-15.344162239101315,-10.134108108309372
GEMIN2,-17.797834294689483,-9.89128093562045
GEMIN5,-15.106793029589712,-8.86992732700721
GINS4,-15.006723009938675,-9.204727809366238
IWS1,-16.99023532648963,-8.89771366875015
MLLT1,-14.467316506177848,-10.43420682696712
MLLT3,-14.31980399550585,-10.369470785463418
POLR3F,-17.01626762935693,-9.755585453504835
RAD52,-22.01023384017917,-15.000671846166215
RNGTT,-16.2816824239388,-9.399631978738014
SNRNP48,-16.059185389677136,-9.60441800565265
TEN1,-19.84492130805267,-15.502845866745272
TIAL1,-16.04305718755787,-8.859916662912587
UBTF,-17.860540036739835,-10.487754035478318
USP43,-15.420547398778295,-8.469389096521965
CLTB,-16.79714109426607,-9.832892429350046
CLTCL1,-15.079686641903331,-9.699603176692495
EXOSC6,-16.071144292037477,-10.090275846489893
RELA,-20.05676872712503,-10.858331161559205
TRAF6,-15.29377551968858,-10.386849794984252
VAMP3,-16.208897469571802,-9.414996241224841
ATF2,-15.863401535813493,-9.132098770957306
BRCA1,-18.064101204616275,-9.717403650254147
CDK4,-14.25610603627881,-14.55056472905835
CEBPA,-17.0050732792065,-8.863779570767672
CREB1,-15.698730291425928,-8.4972612294926
CTCF,-14.565250963270488,-10.493062698207344
E2F1,-14.270535019493579,-10.414660861722881
E2F6,-15.124523484891457,-8.787469262997837
EBF1,-15.468369663665493,-8.881731044683846
EGR1,-14.98887335957391,-8.979955283217
ESR1,-14.933575275217143,-9.20319007079103
FOXA1,-15.412509223039528,-8.551592719686562
FOXA2,-14.382214284914253,-14.522227358363521
GATA1,-16.283098424898572,-9.402435244943709
HDAC2,-15.75434361863883,-8.995088363486317
HEY1,-14.777144457417714,-9.289574175887541
JUND,-15.41123999137492,-10.684830390326725
KAT2B,-15.198658720341854,-8.820327413839218
LEF1,-14.918548401531536,-9.000619023829376
MED1,-19.957097705686653,-9.677504595499972
NCOA3,-15.357631510981086,-10.258312168829178
NCOR1,-17.163737408582588,-9.293844701409977
NCOR2,-14.849353915951214,-9.69342358713112
NFYA,-15.187775589076224,-8.685498122101771
PPARGC1A,-14.962866754516275,-9.06810852678437
RARA,-17.129096908424494,-9.274911249261619
RBBP4,-22.206892965767615,-11.233016106327609
SMAD1,-15.565781570900434,-9.959524056374269
SMAD2,-15.706569094521573,-8.95886856928844
SMAD3,-12.53649659977183,-12.205096404362346
SMARCA2,-15.4642027755535,-8.961657026729132
SNW1,-15.634389147922654,-8.525367398643633
STAT5A,-17.06922684631162,-9.236226432810316
SUMO1,-15.442519839495967,-8.92881004221745
YY1,-14.319454159361703,-10.379464206846023
DNAJC3,-15.492436038478123,-8.590144107390424
EIF3D,-17.291217014323188,-9.550758077194686
EIF3J,-15.127081726709473,-14.03750279163558
MAPK3,-15.665506451991986,-8.515641210312964
PPP2CA,-18.848370112305638,-9.745023578990578
RPS15,-16.049093032779584,-8.869527534250837
RPS21,-16.1430010848668,-14.68526905284614
RPS24,-19.323758042446748,-8.784563293046228
RPS27,-14.667045788812313,-10.294111439123458
RPS3,-18.041522478350906,-15.446426658202462
RPS7,-14.600747994514494,-10.235269003497784
STAT3,-16.917495687290067,-8.796463224687882
UBB,-15.23946789148442,-8.507503825796027
STT3B,-16.50512252330445,-8.682109525391125
LZTFL1,-15.326134047035936,-8.792212527673318
SLC6A20,-15.829552544482823,-9.375452837850672
ABO,-17.002355813061097,-8.86884335347415
DPP9,-16.998086165078803,-8.839032100308357
RPL24,-15.2442103119581,-8.568050886069017
FOXP4,-14.47384687133075,-14.292042407009015
NXPE3,-15.573671034957375,-8.810523696240958
SENP7,-15.874677419608107,-9.664179543505808
TCF19,-16.8858752815503,-9.073766020833624
IL10RB,-15.23361573285972,-9.79770259243318
CCHCR1,-15.268702983765687,-9.163748556951019
PSORS1C1,-15.181071617864037,-8.888217854631408
TMEM65,-16.539169566589813,-9.435145032479058
OAS1,-16.23601080418979,-9.341424052636075
KANSL1,-21.2653262778671,-9.246507718199954
TAC4,-16.916089610610793,-9.240259415515155
RAVER1,-14.85897824860179,-9.71457925493341
PLEKHA4,-15.354888072770533,-8.707821742538494
IRF7,-14.953837829706444,-8.938576745831408
IRF9,-16.23870496626408,-9.697820152094154
TLR3,-15.436498555870918,-10.127358716635785
MX1,-14.977344246730496,-9.034243807126213
IRF3,-16.492317341454335,-9.744935380686742
TLR7,-15.13560774286873,-9.680912752738024
IFIH1,-15.122804366427648,-9.741231333999126
